Case,Limit_Flag,Day,Mach,Alt,Tamb,Tds,Pamb,Fn,Fg,Fr,WFuel,TSFC,CmpH_Nc,N
1,NONE,STD,0,0,518.67,0,14.696,27905.5,27905.5,0,9528.2,0.34144,8.17E+03,9.21E+03
2,NONE,STD,0,0,518.67,0,14.696,25115,25115,0,8536.8,0.33991,8.15E+03,9.11E+03
3,NONE,STD,0,0,518.67,0,14.696,22324.4,22324.4,0,7534.3,0.33749,8.12E+03,9.00E+03
4,NONE,STD,0,0,518.67,0,14.696,19533.9,19533.9,0,6485.3,0.332,8.08E+03,8.87E+03
5,NONE,STD,0,0,518.67,0,14.696,16743.3,16743.3,0,5442.5,0.32505,8.03E+03,8.73E+03
6,NONE,STD,0,0,518.67,0,14.696,13952.8,13952.8,0,4429.5,0.31746,7.98E+03,8.56E+03
7,NONE,STD,0,0,518.67,0,14.696,11162.2,11162.2,0,3477.8,0.31157,7.91E+03,8.38E+03
8,NONE,STD,0,0,518.67,0,14.696,8371.7,8371.7,0,2585.1,0.30879,7.81E+03,8.16E+03
9,NONE,STD,0,0,518.67,0,14.696,5581.1,5581.1,0,1795.2,0.32166,7.65E+03,7.88E+03
10,NONE,STD,0,0,518.67,0,14.696,2790.6,2790.6,0,1129,0.40458,7.47E+03,7.59E+03
11,NONE,STD,0.1,0,518.67,0,14.696,24876.8,28748.7,3871.8,9609.5,0.38628,8.17E+03,9.22E+03
12,NONE,STD,0.1,0,518.67,0,14.696,22389.1,26076,3686.9,8651.6,0.38642,8.15E+03,9.12E+03
13,NONE,STD,0.1,0,518.67,0,14.696,19901.5,23394.4,3493,7685.9,0.3862,8.12E+03,9.02E+03
14,NONE,STD,0.1,0,518.67,0,14.696,17413.8,20703.5,3289.7,6674.5,0.38329,8.09E+03,8.89E+03
15,NONE,STD,0.1,0,518.67,0,14.696,14926.1,17998.5,3072.4,5663.3,0.37943,8.04E+03,8.76E+03
16,NONE,STD,0.1,0,518.67,0,14.696,12438.4,15274,2835.5,4673.3,0.37571,7.99E+03,8.60E+03
17,NONE,STD,0.1,0,518.67,0,14.696,9950.7,12523.5,2572.7,3729,0.37474,7.93E+03,8.43E+03
18,NONE,STD,0.1,0,518.67,0,14.696,7463,9737.4,2274.3,2834,0.37974,7.84E+03,8.23E+03
19,NONE,STD,0.1,0,518.67,0,14.696,4975.4,6894.6,1919.2,2009.6,0.40392,7.69E+03,7.96E+03
20,NONE,STD,0.1,0,518.67,0,14.696,2487.7,3944.9,1457.2,1289.3,0.51826,7.52E+03,7.67E+03
21,NONE,STD,0.2,0,518.67,0,14.696,22334.7,30297,7962.3,9730,0.43565,8.16E+03,9.23E+03
22,NONE,STD,0.2,0,518.67,0,14.696,20101.2,27716.8,7615.6,8785.6,0.43707,8.14E+03,9.14E+03
23,NONE,STD,0.2,0,518.67,0,14.696,17867.8,25120.1,7252.3,7833.8,0.43843,8.12E+03,9.03E+03
24,NONE,STD,0.2,0,518.67,0,14.696,15634.3,22506,6871.7,6842.8,0.43768,8.08E+03,8.92E+03
25,NONE,STD,0.2,0,518.67,0,14.696,13400.8,19866,6465.1,5855.7,0.43696,8.04E+03,8.78E+03
26,NONE,STD,0.2,0,518.67,0,14.696,11167.4,17191.7,6024.3,4887,0.43761,7.99E+03,8.64E+03
27,NONE,STD,0.2,0,518.67,0,14.696,8933.9,14469,5535.1,3952.6,0.44243,7.94E+03,8.47E+03
28,NONE,STD,0.2,0,518.67,0,14.696,6700.4,11682.6,4982.2,3060.8,0.45681,7.86E+03,8.29E+03
29,NONE,STD,0.2,0,518.67,0,14.696,4466.9,8797.7,4330.7,2225.1,0.49813,7.73E+03,8.04E+03
30,NONE,STD,0.2,0,518.67,0,14.696,2233.5,5741.1,3507.6,1464.8,0.65582,7.56E+03,7.75E+03
31,NONE,STD,0.3,0,518.67,0,14.696,20598.9,33125.6,12526.7,9956.6,0.48335,8.15E+03,9.26E+03
32,NONE,STD,0.3,0,518.67,0,14.696,18539.1,30574.1,12035,9005.3,0.48575,8.13E+03,9.16E+03
33,NONE,STD,0.3,0,518.67,0,14.696,16479.2,27999.8,11520.6,8047,0.48832,8.11E+03,9.06E+03
34,NONE,STD,0.3,0,518.67,0,14.696,14419.3,25400.7,10981.5,7062.1,0.48977,8.08E+03,8.95E+03
35,NONE,STD,0.3,0,518.67,0,14.696,12359.4,22766.7,10407.3,6080.2,0.49195,8.04E+03,8.82E+03
36,NONE,STD,0.3,0,518.67,0,14.696,10299.5,20085.7,9786.3,5119.3,0.49704,7.99E+03,8.68E+03
37,NONE,STD,0.3,0,518.67,0,14.696,8239.6,17345,9105.4,4182.2,0.50757,7.94E+03,8.52E+03
38,NONE,STD,0.3,0,518.67,0,14.696,6179.7,14516.9,8337.2,3285,0.53158,7.87E+03,8.34E+03
39,NONE,STD,0.3,0,518.67,0,14.696,4119.8,11563.3,7443.5,2435.6,0.59119,7.75E+03,8.11E+03
40,NONE,STD,0.3,0,518.67,0,14.696,2059.9,8407.6,6347.7,1644.6,0.79837,7.59E+03,7.83E+03
41,NONE,STD,0.4,0,518.67,0,14.696,19711.8,37594.2,17882.4,10333.9,0.52425,8.14E+03,9.29E+03
42,NONE,STD,0.4,0,518.67,0,14.696,17740.6,34999.4,17258.8,9309.5,0.52476,8.12E+03,9.19E+03
43,NONE,STD,0.4,0,518.67,0,14.696,15769.4,32371.4,16601.9,8314,0.52722,8.09E+03,9.09E+03
44,NONE,STD,0.4,0,518.67,0,14.696,13798.2,29710.9,15912.6,7306.2,0.5295,8.06E+03,8.98E+03
45,NONE,STD,0.4,0,518.67,0,14.696,11827.1,27007.2,15180.2,6305.1,0.53311,8.02E+03,8.85E+03
46,NONE,STD,0.4,0,518.67,0,14.696,9855.9,24245.9,14390.1,5330.9,0.54088,7.98E+03,8.72E+03
47,NONE,STD,0.4,0,518.67,0,14.696,7884.7,21413.3,13528.5,4380,0.55551,7.93E+03,8.57E+03
48,NONE,STD,0.4,0,518.67,0,14.696,5913.5,18485.6,12572.1,3457.8,0.58472,7.86E+03,8.39E+03
49,NONE,STD,0.4,0,518.67,0,14.696,3942.4,15412.4,11470,2593.9,0.65795,7.74E+03,8.17E+03
50,NONE,STD,0.4,0,518.67,0,14.696,1971.2,12121.8,10150.7,1766.7,0.89625,7.59E+03,7.89E+03
51,NONE,STD,0.5,0,518.67,0,14.696,18635.4,42470.7,23835.3,10704.7,0.57443,8.12E+03,9.34E+03
52,NONE,STD,0.5,0,518.67,0,14.696,16771.8,39881.9,23110.1,9680.4,0.57718,8.10E+03,9.25E+03
53,NONE,STD,0.5,0,518.67,0,14.696,14908.3,37263.3,22355,8628.7,0.57878,8.08E+03,9.14E+03
54,NONE,STD,0.5,0,518.67,0,14.696,13044.8,34587.9,21543.1,7596,0.5823,8.05E+03,9.03E+03
55,NONE,STD,0.5,0,518.67,0,14.696,11181.2,31860.6,20679.4,6590.9,0.58946,8.01E+03,8.91E+03
56,NONE,STD,0.5,0,518.67,0,14.696,9317.7,29069.9,19752.2,5608.1,0.60187,7.96E+03,8.78E+03
57,NONE,STD,0.5,0,518.67,0,14.696,7454.1,26200,18745.9,4653.3,0.62425,7.91E+03,8.63E+03
58,NONE,STD,0.5,0,518.67,0,14.696,5590.6,23231.1,17640.5,3724.3,0.66616,7.85E+03,8.47E+03
59,NONE,STD,0.5,0,518.67,0,14.696,3727.1,20114.1,16387,2844.9,0.76332,7.74E+03,8.26E+03
60,NONE,STD,0.5,0,518.67,0,14.696,1863.5,16795.2,14931.7,1987.4,1.06649,7.60E+03,8.00E+03
61,NONE,STD,0.6,0,518.67,0,14.696,17725.3,48335.1,30609.8,11135.9,0.62825,8.10E+03,9.41E+03
62,NONE,STD,0.6,0,518.67,0,14.696,15952.7,45744.3,29791.5,10088.5,0.6324,8.08E+03,9.31E+03
63,NONE,STD,0.6,0,518.67,0,14.696,14180.2,43120.1,28939.9,9033.7,0.63706,8.06E+03,9.21E+03
64,NONE,STD,0.6,0,518.67,0,14.696,12407.7,40450.4,28042.7,7992.2,0.64414,8.03E+03,9.10E+03
65,NONE,STD,0.6,0,518.67,0,14.696,10635.2,37730.8,27095.6,6956.4,0.6541,7.99E+03,8.98E+03
66,NONE,STD,0.6,0,518.67,0,14.696,8862.6,34925.2,26062.6,5942.2,0.67048,7.95E+03,8.85E+03
67,NONE,STD,0.6,0,518.67,0,14.696,7090.1,32023.2,24933.1,4986.1,0.70324,7.90E+03,8.72E+03
68,NONE,STD,0.6,0,518.67,0,14.696,5317.6,29023.4,23705.8,4045.7,0.76082,7.84E+03,8.56E+03
69,NONE,STD,0.6,0,518.67,0,14.696,3545.1,25876.1,22331,3151.9,0.88909,7.74E+03,8.37E+03
70,NONE,STD,0.6,0,518.67,0,14.696,1772.5,22542.1,20769.6,2271.8,1.28167,7.61E+03,8.13E+03
71,NONE,STD,0.7,0,518.67,0,14.696,17020,55396,38375.9,11624.5,0.68299,8.07E+03,9.48E+03
72,NONE,STD,0.7,0,518.67,0,14.696,15318,52790.2,37472.1,10553.3,0.68895,8.05E+03,9.39E+03
73,NONE,STD,0.7,0,518.67,0,14.696,13616,50149.8,36533.8,9482.5,0.69642,8.03E+03,9.29E+03
74,NONE,STD,0.7,0,518.67,0,14.696,11914,47462.1,35548.1,8423.9,0.70706,8.00E+03,9.18E+03
75,NONE,STD,0.7,0,518.67,0,14.696,10212,44721.2,34509.2,7373.3,0.72202,7.97E+03,9.07E+03
76,NONE,STD,0.7,0,518.67,0,14.696,8510,41906.6,33396.6,6355.8,0.74686,7.93E+03,8.95E+03
77,NONE,STD,0.7,0,518.67,0,14.696,6808,39004.8,32196.8,5366.2,0.78822,7.88E+03,8.81E+03
78,NONE,STD,0.7,0,518.67,0,14.696,5106,35999,30893,4398.5,0.86144,7.82E+03,8.66E+03
79,NONE,STD,0.7,0,518.67,0,14.696,3404,32812,29408,3488.8,1.0249,7.73E+03,8.47E+03
80,NONE,STD,0.7,0,518.67,0,14.696,1702,29458.9,27756.9,2584.8,1.51865,7.61E+03,8.26E+03
81,NONE,STD,0.8,0,518.67,0,14.696,16515.5,63930.1,47414.7,12180,0.73749,8.04E+03,9.56E+03
82,NONE,STD,0.8,0,518.67,0,14.696,14863.9,61242.3,46378.3,11087.8,0.74596,8.02E+03,9.47E+03
83,NONE,STD,0.8,0,518.67,0,14.696,13212.4,58532.5,45320.1,10000.1,0.75687,8.00E+03,9.38E+03
84,NONE,STD,0.8,0,518.67,0,14.696,11560.8,55779.5,44218.7,8920.7,0.77163,7.97E+03,9.28E+03
85,NONE,STD,0.8,0,518.67,0,14.696,9909.3,52979.5,43070.2,7863.2,0.79352,7.94E+03,9.17E+03
86,NONE,STD,0.8,0,518.67,0,14.696,8257.7,50131.6,41873.8,6818.4,0.82569,7.90E+03,9.05E+03
87,NONE,STD,0.8,0,518.67,0,14.696,6606.2,47191.8,40585.6,5799.9,0.87794,7.85E+03,8.92E+03
88,NONE,STD,0.8,0,518.67,0,14.696,4954.6,44137.6,39183,4822.4,0.97331,7.79E+03,8.77E+03
89,NONE,STD,0.8,0,518.67,0,14.696,3303.1,40941.9,37638.8,3879,1.17436,7.70E+03,8.59E+03
90,NONE,STD,0.8,0,518.67,0,14.696,1651.5,37599.2,35947.6,2941.2,1.7809,7.60E+03,8.39E+03
91,NONE,STD,0.9,0,518.67,0,14.696,16076.6,74057.3,57980.7,12803.9,0.79643,8.01E+03,9.65E+03
92,NONE,STD,0.9,0,518.67,0,14.696,14468.9,71289.3,56820.4,11674.9,0.80689,7.99E+03,9.56E+03
93,NONE,STD,0.9,0,518.67,0,14.696,12861.3,68472.7,55611.4,10551.4,0.8204,7.96E+03,9.47E+03
94,NONE,STD,0.9,0,518.67,0,14.696,11253.6,65607.7,54354.1,9438.3,0.83869,7.94E+03,9.37E+03
95,NONE,STD,0.9,0,518.67,0,14.696,9645.9,62692.5,53046.5,8352.3,0.86589,7.91E+03,9.27E+03
96,NONE,STD,0.9,0,518.67,0,14.696,8038.3,59731.3,51693.1,7281.3,0.90583,7.87E+03,9.16E+03
97,NONE,STD,0.9,0,518.67,0,14.696,6430.6,56694.9,50264.3,6247.8,0.97156,7.82E+03,9.03E+03
98,NONE,STD,0.9,0,518.67,0,14.696,4823,53536.1,48713.1,5252.4,1.08904,7.75E+03,8.88E+03
99,NONE,STD,0.9,0,518.67,0,14.696,3215.3,50287.3,47072,4278.7,1.33073,7.67E+03,8.71E+03
100,NONE,STD,0.9,0,518.67,0,14.696,1607.7,46913.1,45305.4,3295.5,2.04987,7.57E+03,8.52E+03
101,NONE,STD,0,5000,500.839,0,12.228,25850.8,25850.8,0,8653.1,0.33473,8.18E+03,9.15E+03
102,NONE,STD,0,5000,500.839,0,12.228,23265.8,23265.8,0,7802.2,0.33535,8.16E+03,9.06E+03
103,NONE,STD,0,5000,500.839,0,12.228,20680.7,20680.7,0,6911.7,0.33421,8.14E+03,8.95E+03
104,NONE,STD,0,5000,500.839,0,12.228,18095.6,18095.6,0,5992.1,0.33114,8.11E+03,8.83E+03
105,NONE,STD,0,5000,500.839,0,12.228,15510.5,15510.5,0,5028,0.32417,8.07E+03,8.68E+03
106,NONE,STD,0,5000,500.839,0,12.228,12925.4,12925.4,0,4088.4,0.31631,8.00E+03,8.51E+03
107,NONE,STD,0,5000,500.839,0,12.228,10340.3,10340.3,0,3187.8,0.30828,7.94E+03,8.31E+03
108,NONE,STD,0,5000,500.839,0,12.228,7755.3,7755.3,0,2351.2,0.30317,7.85E+03,8.10E+03
109,NONE,STD,0,5000,500.839,0,12.228,5170.2,5170.2,0,1600.5,0.30956,7.69E+03,7.81E+03
110,NONE,STD,0,5000,500.839,0,12.228,2585.1,2585.1,0,978,0.37833,7.49E+03,7.49E+03
111,NONE,STD,0.1,5000,500.839,0,12.228,23126.5,26523.5,3397,8720.8,0.37709,8.18E+03,9.16E+03
112,NONE,STD,0.1,5000,500.839,0,12.228,20813.8,24044.9,3231,7894.9,0.37931,8.16E+03,9.07E+03
113,NONE,STD,0.1,5000,500.839,0,12.228,18501.2,21559.7,3058.5,7033.5,0.38017,8.14E+03,8.97E+03
114,NONE,STD,0.1,5000,500.839,0,12.228,16188.5,19065.7,2877.2,6147.2,0.37972,8.11E+03,8.85E+03
115,NONE,STD,0.1,5000,500.839,0,12.228,13875.9,16561.5,2685.6,5216.2,0.37592,8.07E+03,8.71E+03
116,NONE,STD,0.1,5000,500.839,0,12.228,11563.2,14041.2,2478,4294,0.37135,8.01E+03,8.54E+03
117,NONE,STD,0.1,5000,500.839,0,12.228,9250.6,11497.5,2246.9,3405.8,0.36817,7.95E+03,8.36E+03
118,NONE,STD,0.1,5000,500.839,0,12.228,6937.9,8922.7,1984.7,2564.5,0.36963,7.87E+03,8.16E+03
119,NONE,STD,0.1,5000,500.839,0,12.228,4625.3,6298,1672.7,1790.1,0.38703,7.73E+03,7.89E+03
120,NONE,STD,0.1,5000,500.839,0,12.228,2312.6,3578.5,1265.9,1114,0.48169,7.54E+03,7.57E+03
121,NONE,STD,0.2,5000,500.839,0,12.228,20816.7,27780.1,6963.4,8822.1,0.4238,8.17E+03,9.17E+03
122,NONE,STD,0.2,5000,500.839,0,12.228,18735,25386,6651,8008.4,0.42745,8.16E+03,9.08E+03
123,NONE,STD,0.2,5000,500.839,0,12.228,16653.3,22980.3,6327,7157.3,0.42978,8.14E+03,8.98E+03
124,NONE,STD,0.2,5000,500.839,0,12.228,14571.7,20558.4,5986.7,6282.3,0.43113,8.11E+03,8.87E+03
125,NONE,STD,0.2,5000,500.839,0,12.228,12490,18117.3,5627.3,5372.3,0.43013,8.07E+03,8.73E+03
126,NONE,STD,0.2,5000,500.839,0,12.228,10408.3,15647.2,5238.8,4467,0.42918,8.02E+03,8.58E+03
127,NONE,STD,0.2,5000,500.839,0,12.228,8326.7,13135.3,4808.7,3593.2,0.43153,7.96E+03,8.40E+03
128,NONE,STD,0.2,5000,500.839,0,12.228,6245,10565.7,4320.7,2757,0.44147,7.89E+03,8.21E+03
129,NONE,STD,0.2,5000,500.839,0,12.228,4163.3,7909.2,3745.9,1972.1,0.47369,7.77E+03,7.96E+03
130,NONE,STD,0.2,5000,500.839,0,12.228,2081.7,5096.1,3014.4,1264.1,0.60727,7.58E+03,7.65E+03
131,NONE,STD,0.3,5000,500.839,0,12.228,19161.8,30056.7,10894.9,9011.9,0.4703,8.16E+03,9.20E+03
132,NONE,STD,0.3,5000,500.839,0,12.228,17245.6,27697.7,10452.1,8187,0.47473,8.15E+03,9.11E+03
133,NONE,STD,0.3,5000,500.839,0,12.228,15329.5,25323.3,9993.8,7325.1,0.47785,8.13E+03,9.01E+03
134,NONE,STD,0.3,5000,500.839,0,12.228,13413.3,22925.9,9512.7,6445.9,0.48056,8.10E+03,8.89E+03
135,NONE,STD,0.3,5000,500.839,0,12.228,11497.1,20501.4,9004.3,5544,0.48221,8.06E+03,8.76E+03
136,NONE,STD,0.3,5000,500.839,0,12.228,9580.9,18038.1,8457.2,4643.8,0.48469,8.01E+03,8.62E+03
137,NONE,STD,0.3,5000,500.839,0,12.228,7664.7,15519.2,7854.5,3774.6,0.49246,7.96E+03,8.45E+03
138,NONE,STD,0.3,5000,500.839,0,12.228,5748.5,12925.5,7177,2937.7,0.51103,7.89E+03,8.26E+03
139,NONE,STD,0.3,5000,500.839,0,12.228,3832.4,10217.9,6385.5,2144,0.55945,7.78E+03,8.03E+03
140,NONE,STD,0.3,5000,500.839,0,12.228,1916.2,7321.7,5405.5,1411.8,0.73679,7.61E+03,7.73E+03
141,NONE,STD,0.4,5000,500.839,0,12.228,18344.7,33825.8,15481.1,9347.4,0.50954,8.15E+03,9.23E+03
142,NONE,STD,0.4,5000,500.839,0,12.228,16510.2,31435.9,14925.7,8472.7,0.51318,8.13E+03,9.14E+03
143,NONE,STD,0.4,5000,500.839,0,12.228,14675.7,29015.1,14339.4,7573.3,0.51604,8.11E+03,9.04E+03
144,NONE,STD,0.4,5000,500.839,0,12.228,12841.3,26565.9,13724.6,6660.4,0.51867,8.08E+03,8.92E+03
145,NONE,STD,0.4,5000,500.839,0,12.228,11006.8,24081.4,13074.6,5739.5,0.52145,8.05E+03,8.79E+03
146,NONE,STD,0.4,5000,500.839,0,12.228,9172.3,21549.5,12377.2,4822.9,0.52581,8.00E+03,8.65E+03
147,NONE,STD,0.4,5000,500.839,0,12.228,7337.9,18949.9,11612,3939.1,0.53682,7.95E+03,8.49E+03
148,NONE,STD,0.4,5000,500.839,0,12.228,5503.4,16264.2,10760.8,3086.9,0.5609,7.88E+03,8.31E+03
149,NONE,STD,0.4,5000,500.839,0,12.228,3668.9,13452.3,9783.3,2277.1,0.62063,7.77E+03,8.08E+03
150,NONE,STD,0.4,5000,500.839,0,12.228,1834.5,10429.2,8594.7,1514.9,0.82578,7.61E+03,7.79E+03
151,NONE,STD,0.5,5000,500.839,0,12.228,17344.9,37887.7,20542.8,9664.1,0.55717,8.13E+03,9.28E+03
152,NONE,STD,0.5,5000,500.839,0,12.228,15610.4,35503.7,19893.2,8753.3,0.56073,8.11E+03,9.18E+03
153,NONE,STD,0.5,5000,500.839,0,12.228,13875.9,33093.4,19217.4,7827.9,0.56414,8.09E+03,9.08E+03
154,NONE,STD,0.5,5000,500.839,0,12.228,12141.5,30644.9,18503.4,6898.5,0.56818,8.06E+03,8.97E+03
155,NONE,STD,0.5,5000,500.839,0,12.228,10407,28141.3,17734.4,5973.4,0.57398,8.03E+03,8.84E+03
156,NONE,STD,0.5,5000,500.839,0,12.228,8672.5,25585.2,16912.7,5054,0.58276,7.98E+03,8.71E+03
157,NONE,STD,0.5,5000,500.839,0,12.228,6938,22955.3,16017.3,4164.2,0.60021,7.93E+03,8.56E+03
158,NONE,STD,0.5,5000,500.839,0,12.228,5203.5,20231.8,15028.3,3303,0.63477,7.87E+03,8.38E+03
159,NONE,STD,0.5,5000,500.839,0,12.228,3469,17376.5,13907.6,2484.1,0.7161,7.77E+03,8.17E+03
160,NONE,STD,0.5,5000,500.839,0,12.228,1734.5,14323.3,12588.9,1702.1,0.9813,7.61E+03,7.89E+03
161,NONE,STD,0.6,5000,500.839,0,12.228,16357.2,42556.3,26199,10002.5,0.6115,8.11E+03,9.33E+03
162,NONE,STD,0.6,5000,500.839,0,12.228,14721.5,40199.5,25478,9043.6,0.61432,8.09E+03,9.24E+03
163,NONE,STD,0.6,5000,500.839,0,12.228,13085.8,37810.9,24725.1,8085.5,0.61788,8.07E+03,9.13E+03
164,NONE,STD,0.6,5000,500.839,0,12.228,11450.1,35381.5,23931.5,7143.3,0.62387,8.04E+03,9.02E+03
165,NONE,STD,0.6,5000,500.839,0,12.228,9814.3,32903.5,23089.2,6213.7,0.63312,8.01E+03,8.90E+03
166,NONE,STD,0.6,5000,500.839,0,12.228,8178.6,30365.6,22186.9,5297.7,0.64775,7.96E+03,8.77E+03
167,NONE,STD,0.6,5000,500.839,0,12.228,6542.9,27729.7,21186.9,4406.2,0.67344,7.92E+03,8.63E+03
168,NONE,STD,0.6,5000,500.839,0,12.228,4907.2,24997.8,20090.7,3545,0.72241,7.86E+03,8.47E+03
169,NONE,STD,0.6,5000,500.839,0,12.228,3271.4,22132,18860.6,2723.2,0.83243,7.76E+03,8.26E+03
170,NONE,STD,0.6,5000,500.839,0,12.228,1635.7,19084,17448.3,1929.2,1.1794,7.62E+03,8.01E+03
171,NONE,STD,0.7,5000,500.839,0,12.228,15760.8,48550.4,32789.7,10448.7,0.66296,8.09E+03,9.41E+03
172,NONE,STD,0.7,5000,500.839,0,12.228,14184.7,46148.1,31963.4,9487.2,0.66884,8.07E+03,9.31E+03
173,NONE,STD,0.7,5000,500.839,0,12.228,12608.6,43731.3,31122.7,8517.6,0.67554,8.05E+03,9.21E+03
174,NONE,STD,0.7,5000,500.839,0,12.228,11032.5,41280.8,30248.3,7547.2,0.68409,8.02E+03,9.10E+03
175,NONE,STD,0.7,5000,500.839,0,12.228,9456.5,38788.7,29332.3,6568.4,0.6946,7.99E+03,8.98E+03
176,NONE,STD,0.7,5000,500.839,0,12.228,7880.4,36226.1,28345.7,5635.8,0.71517,7.94E+03,8.86E+03
177,NONE,STD,0.7,5000,500.839,0,12.228,6304.3,33585.3,27281,4722.5,0.74909,7.90E+03,8.72E+03
178,NONE,STD,0.7,5000,500.839,0,12.228,4728.2,30843.4,26115.2,3848.2,0.81388,7.84E+03,8.57E+03
179,NONE,STD,0.7,5000,500.839,0,12.228,3152.2,27941.8,24789.6,3009.4,0.95472,7.75E+03,8.38E+03
180,NONE,STD,0.7,5000,500.839,0,12.228,1576.1,24862.7,23286.7,2186.8,1.38748,7.62E+03,8.14E+03
181,NONE,STD,0.8,5000,500.839,0,12.228,15287,55717.4,40430.4,10934.2,0.71526,8.06E+03,9.48E+03
182,NONE,STD,0.8,5000,500.839,0,12.228,13758.3,53251.5,39493.2,9930,0.72175,8.04E+03,9.39E+03
183,NONE,STD,0.8,5000,500.839,0,12.228,12229.6,50760,38530.4,8941.1,0.7311,8.02E+03,9.29E+03
184,NONE,STD,0.8,5000,500.839,0,12.228,10700.9,48244.4,37543.5,7960.2,0.74389,7.99E+03,9.19E+03
185,NONE,STD,0.8,5000,500.839,0,12.228,9172.2,45682.4,36510.2,6983.6,0.76138,7.96E+03,9.07E+03
186,NONE,STD,0.8,5000,500.839,0,12.228,7643.5,43073.7,35430.2,6037.5,0.78989,7.92E+03,8.96E+03
187,NONE,STD,0.8,5000,500.839,0,12.228,6114.8,40399.2,34284.4,5095,0.83322,7.88E+03,8.82E+03
188,NONE,STD,0.8,5000,500.839,0,12.228,4586.1,37628.3,33042.2,4182.9,0.91208,7.82E+03,8.67E+03
189,NONE,STD,0.8,5000,500.839,0,12.228,3057.4,34708.1,31650.7,3324,1.08721,7.72E+03,8.48E+03
190,NONE,STD,0.8,5000,500.839,0,12.228,1528.7,31642.2,30113.5,2471.4,1.6167,7.61E+03,8.27E+03
191,NONE,STD,0.9,5000,500.839,0,12.228,14905.5,64268.1,49362.6,11487,0.77066,8.03E+03,9.57E+03
192,NONE,STD,0.9,5000,500.839,0,12.228,13414.9,61731.2,48316.3,10447.3,0.77878,8.01E+03,9.48E+03
193,NONE,STD,0.9,5000,500.839,0,12.228,11924.4,59163.1,47238.7,9422.9,0.79022,7.99E+03,9.38E+03
194,NONE,STD,0.9,5000,500.839,0,12.228,10433.8,56542.8,46108.9,8403.7,0.80543,7.96E+03,9.28E+03
195,NONE,STD,0.9,5000,500.839,0,12.228,8943.3,53868.7,44925.4,7404,0.82789,7.93E+03,9.18E+03
196,NONE,STD,0.9,5000,500.839,0,12.228,7452.7,51146.5,43693.8,6424.3,0.86201,7.89E+03,9.06E+03
197,NONE,STD,0.9,5000,500.839,0,12.228,5962.2,48364.6,42402.4,5472.8,0.91792,7.85E+03,8.93E+03
198,NONE,STD,0.9,5000,500.839,0,12.228,4471.6,45487.1,41015.4,4553.3,1.01826,7.78E+03,8.78E+03
199,NONE,STD,0.9,5000,500.839,0,12.228,2981.1,42493.4,39512.3,3673,1.23211,7.70E+03,8.60E+03
200,NONE,STD,0.9,5000,500.839,0,12.228,1490.5,39388,37897.4,2783.6,1.86751,7.59E+03,8.40E+03
201,NONE,STD,0,10000,483.008,0,10.107,16010.3,16010.3,0,5333.1,0.3331,8.14E+03,8.76E+03
202,NONE,STD,0,10000,483.008,0,10.107,14409.3,14409.3,0,4753,0.32985,8.11E+03,8.65E+03
203,NONE,STD,0,10000,483.008,0,10.107,12808.2,12808.2,0,4157.7,0.32461,8.07E+03,8.54E+03
204,NONE,STD,0,10000,483.008,0,10.107,11207.2,11207.2,0,3564,0.31801,8.03E+03,8.41E+03
205,NONE,STD,0,10000,483.008,0,10.107,9606.2,9606.2,0,2986.2,0.31087,7.98E+03,8.27E+03
206,NONE,STD,0,10000,483.008,0,10.107,8005.1,8005.1,0,2439.1,0.30469,7.93E+03,8.12E+03
207,NONE,STD,0,10000,483.008,0,10.107,6404.1,6404.1,0,1925,0.30059,7.86E+03,7.96E+03
208,NONE,STD,0,10000,483.008,0,10.107,4803.1,4803.1,0,1449,0.30169,7.75E+03,7.75E+03
209,NONE,STD,0,10000,483.008,0,10.107,3202.1,3202.1,0,1035.2,0.32329,7.61E+03,7.52E+03
210,NONE,STD,0,10000,483.008,0,10.107,1601,1601,0,683.3,0.42676,7.44E+03,7.28E+03
211,NONE,STD,0.1,10000,483.008,0,10.107,14175,16611.6,2436.5,5384.8,0.37988,8.14E+03,8.76E+03
212,NONE,STD,0.1,10000,483.008,0,10.107,12757.5,15081,2323.4,4823.7,0.37811,8.11E+03,8.66E+03
213,NONE,STD,0.1,10000,483.008,0,10.107,11340,13544.8,2204.8,4253.1,0.37505,8.08E+03,8.55E+03
214,NONE,STD,0.1,10000,483.008,0,10.107,9922.5,12001.6,2079,3681.9,0.37106,8.03E+03,8.43E+03
215,NONE,STD,0.1,10000,483.008,0,10.107,8505,10448.1,1943.1,3124.2,0.36733,7.99E+03,8.30E+03
216,NONE,STD,0.1,10000,483.008,0,10.107,7087.5,8882.5,1795,2587.9,0.36514,7.94E+03,8.16E+03
217,NONE,STD,0.1,10000,483.008,0,10.107,5670,7301,1631,2076.4,0.3662,7.88E+03,8.01E+03
218,NONE,STD,0.1,10000,483.008,0,10.107,4252.5,5696.9,1444.4,1593.6,0.37474,7.79E+03,7.82E+03
219,NONE,STD,0.1,10000,483.008,0,10.107,2835,4057.5,1222.5,1158.2,0.40854,7.65E+03,7.59E+03
220,NONE,STD,0.1,10000,483.008,0,10.107,1417.5,2351.3,933.8,777.3,0.54835,7.49E+03,7.35E+03
221,NONE,STD,0.2,10000,483.008,0,10.107,12732.6,17785.6,5053,5468.6,0.4295,8.13E+03,8.78E+03
222,NONE,STD,0.2,10000,483.008,0,10.107,11459.4,16300.6,4841.2,4917.4,0.42911,8.11E+03,8.68E+03
223,NONE,STD,0.2,10000,483.008,0,10.107,10186.1,14805,4618.9,4361.7,0.4282,8.08E+03,8.57E+03
224,NONE,STD,0.2,10000,483.008,0,10.107,8912.9,13296.2,4383.4,3808.5,0.42731,8.03E+03,8.46E+03
225,NONE,STD,0.2,10000,483.008,0,10.107,7639.6,11770.2,4130.6,3264.7,0.42734,7.99E+03,8.33E+03
226,NONE,STD,0.2,10000,483.008,0,10.107,6366.3,10220.9,3854.6,2737.9,0.43006,7.95E+03,8.20E+03
227,NONE,STD,0.2,10000,483.008,0,10.107,5093.1,8643.2,3550.1,2230.2,0.43789,7.90E+03,8.06E+03
228,NONE,STD,0.2,10000,483.008,0,10.107,3819.8,7026.3,3206.5,1745.7,0.457,7.82E+03,7.89E+03
229,NONE,STD,0.2,10000,483.008,0,10.107,2546.5,5347.9,2801.4,1300.5,0.5107,7.69E+03,7.67E+03
230,NONE,STD,0.2,10000,483.008,0,10.107,1273.3,3566.1,2292.9,894.5,0.70254,7.54E+03,7.43E+03
231,NONE,STD,0.3,10000,483.008,0,10.107,11758.2,19777.5,8019.3,5611.2,0.47721,8.12E+03,8.80E+03
232,NONE,STD,0.3,10000,483.008,0,10.107,10582.4,18301.7,7719.3,5060.9,0.47824,8.10E+03,8.71E+03
233,NONE,STD,0.3,10000,483.008,0,10.107,9406.6,16811,7404.4,4508.7,0.47932,8.07E+03,8.61E+03
234,NONE,STD,0.3,10000,483.008,0,10.107,8230.7,15302.5,7071.7,3959,0.481,8.03E+03,8.50E+03
235,NONE,STD,0.3,10000,483.008,0,10.107,7054.9,13770.2,6715.3,3420.9,0.48489,7.99E+03,8.38E+03
236,NONE,STD,0.3,10000,483.008,0,10.107,5879.1,12209.7,6330.6,2894,0.49225,7.95E+03,8.25E+03
237,NONE,STD,0.3,10000,483.008,0,10.107,4703.3,10610.3,5907.1,2385.4,0.50717,7.90E+03,8.11E+03
238,NONE,STD,0.3,10000,483.008,0,10.107,3527.5,8959.4,5432,1896.6,0.53766,7.83E+03,7.96E+03
239,NONE,STD,0.3,10000,483.008,0,10.107,2351.6,7232.6,4880.9,1438.2,0.61156,7.71E+03,7.75E+03
240,NONE,STD,0.3,10000,483.008,0,10.107,1175.8,5390.5,4214.7,1013.3,0.86181,7.57E+03,7.52E+03
241,NONE,STD,0.4,10000,483.008,0,10.107,11416.4,23015.7,11599.3,5855.2,0.51287,8.10E+03,8.84E+03
242,NONE,STD,0.4,10000,483.008,0,10.107,10274.8,21486.1,11211.3,5288.9,0.51475,8.08E+03,8.75E+03
243,NONE,STD,0.4,10000,483.008,0,10.107,9133.1,19939.5,10806.4,4714.4,0.51619,8.05E+03,8.65E+03
244,NONE,STD,0.4,10000,483.008,0,10.107,7991.5,18369.5,10378.1,4148.6,0.51913,8.02E+03,8.54E+03
245,NONE,STD,0.4,10000,483.008,0,10.107,6849.8,16771,9921.2,3595.2,0.52487,7.97E+03,8.43E+03
246,NONE,STD,0.4,10000,483.008,0,10.107,5708.2,15136.9,9428.7,3057.5,0.53564,7.93E+03,8.30E+03
247,NONE,STD,0.4,10000,483.008,0,10.107,4566.6,13460.8,8894.2,2531.4,0.55432,7.88E+03,8.17E+03
248,NONE,STD,0.4,10000,483.008,0,10.107,3424.9,11727.3,8302.4,2023.8,0.59092,7.82E+03,8.01E+03
249,NONE,STD,0.4,10000,483.008,0,10.107,2283.3,9902.5,7619.2,1550.1,0.67888,7.71E+03,7.81E+03
250,NONE,STD,0.4,10000,483.008,0,10.107,1141.6,7959.8,6818.2,1094.7,0.95892,7.57E+03,7.58E+03
251,NONE,STD,0.5,10000,483.008,0,10.107,10854.9,26472,15617.1,6077.3,0.55987,8.08E+03,8.89E+03
252,NONE,STD,0.5,10000,483.008,0,10.107,9769.4,24929.8,15160.4,5501.4,0.56313,8.06E+03,8.80E+03
253,NONE,STD,0.5,10000,483.008,0,10.107,8683.9,23363,14679.1,4926.3,0.56729,8.03E+03,8.71E+03
254,NONE,STD,0.5,10000,483.008,0,10.107,7598.4,21771.9,14173.5,4353.1,0.57289,8.00E+03,8.61E+03
255,NONE,STD,0.5,10000,483.008,0,10.107,6512.9,20148.6,13635.7,3790.5,0.58199,7.96E+03,8.49E+03
256,NONE,STD,0.5,10000,483.008,0,10.107,5427.4,18484.2,13056.8,3250.4,0.59888,7.92E+03,8.37E+03
257,NONE,STD,0.5,10000,483.008,0,10.107,4342,16775.7,12433.8,2718.3,0.62605,7.87E+03,8.24E+03
258,NONE,STD,0.5,10000,483.008,0,10.107,3256.5,15008.3,11751.9,2202.8,0.67644,7.81E+03,8.10E+03
259,NONE,STD,0.5,10000,483.008,0,10.107,2171,13151.6,10980.6,1719.7,0.79212,7.71E+03,7.91E+03
260,NONE,STD,0.5,10000,483.008,0,10.107,1085.5,11185.9,10100.4,1237,1.13957,7.58E+03,7.68E+03
261,NONE,STD,0.6,10000,483.008,0,10.107,10299.4,30465.5,20166.1,6316.1,0.61325,8.06E+03,8.94E+03
262,NONE,STD,0.6,10000,483.008,0,10.107,9269.5,28931.2,19661.7,5727.1,0.61784,8.03E+03,8.86E+03
263,NONE,STD,0.6,10000,483.008,0,10.107,8239.5,27372.3,19132.7,5146.8,0.62465,8.01E+03,8.77E+03
264,NONE,STD,0.6,10000,483.008,0,10.107,7209.6,25786.1,18576.5,4574.1,0.63444,7.98E+03,8.67E+03
265,NONE,STD,0.6,10000,483.008,0,10.107,6179.6,24156.5,17976.8,4006.4,0.64832,7.95E+03,8.57E+03
266,NONE,STD,0.6,10000,483.008,0,10.107,5149.7,22479.3,17329.6,3460.2,0.67192,7.91E+03,8.45E+03
267,NONE,STD,0.6,10000,483.008,0,10.107,4119.8,20754.1,16634.3,2926.8,0.71043,7.86E+03,8.33E+03
268,NONE,STD,0.6,10000,483.008,0,10.107,3089.8,18970.4,15880.6,2409.7,0.77987,7.80E+03,8.19E+03
269,NONE,STD,0.6,10000,483.008,0,10.107,2059.9,17101.8,15041.9,1916.8,0.93053,7.71E+03,8.01E+03
270,NONE,STD,0.6,10000,483.008,0,10.107,1029.9,15134,14104.1,1423.9,1.38248,7.59E+03,7.81E+03
271,NONE,STD,0.7,10000,483.008,0,10.107,9860.9,35260.8,25399.9,6587,0.66799,8.03E+03,9.01E+03
272,NONE,STD,0.7,10000,483.008,0,10.107,8874.8,33719.4,24844.6,5995.3,0.67555,8.01E+03,8.93E+03
273,NONE,STD,0.7,10000,483.008,0,10.107,7888.7,32153.9,24265.2,5408.6,0.68561,7.99E+03,8.84E+03
274,NONE,STD,0.7,10000,483.008,0,10.107,6902.6,30562.1,23659.5,4823.7,0.69882,7.96E+03,8.75E+03
275,NONE,STD,0.7,10000,483.008,0,10.107,5916.5,28933.3,23016.8,4255.9,0.71933,7.92E+03,8.65E+03
276,NONE,STD,0.7,10000,483.008,0,10.107,4930.4,27264.2,22333.7,3696.5,0.74972,7.89E+03,8.55E+03
277,NONE,STD,0.7,10000,483.008,0,10.107,3944.3,25543.8,21599.4,3157.5,0.8005,7.84E+03,8.43E+03
278,NONE,STD,0.7,10000,483.008,0,10.107,2958.3,23745,20786.7,2636.9,0.89137,7.78E+03,8.29E+03
279,NONE,STD,0.7,10000,483.008,0,10.107,1972.2,21861.9,19889.7,2131.1,1.08057,7.69E+03,8.12E+03
280,NONE,STD,0.7,10000,483.008,0,10.107,986.1,19889.6,18903.6,1626.3,1.64923,7.59E+03,7.94E+03
281,NONE,STD,0.8,10000,483.008,0,10.107,9403.4,40742.6,31339.2,6881.3,0.73179,8.01E+03,9.08E+03
282,NONE,STD,0.8,10000,483.008,0,10.107,8463.1,39196.2,30733.1,6272.8,0.7412,7.98E+03,9.00E+03
283,NONE,STD,0.8,10000,483.008,0,10.107,7522.8,37626.9,30104.2,5666.8,0.75328,7.96E+03,8.92E+03
284,NONE,STD,0.8,10000,483.008,0,10.107,6582.4,36034.4,29452,5076.8,0.77127,7.93E+03,8.83E+03
285,NONE,STD,0.8,10000,483.008,0,10.107,5642.1,34414,28771.9,4499.5,0.7975,7.90E+03,8.74E+03
286,NONE,STD,0.8,10000,483.008,0,10.107,4701.7,32746.7,28045,3941.5,0.83831,7.86E+03,8.64E+03
287,NONE,STD,0.8,10000,483.008,0,10.107,3761.4,31033.6,27272.2,3393.1,0.9021,7.82E+03,8.53E+03
288,NONE,STD,0.8,10000,483.008,0,10.107,2821,29246.3,26425.3,2874.2,1.01886,7.75E+03,8.39E+03
289,NONE,STD,0.8,10000,483.008,0,10.107,1880.7,27395.5,25514.8,2359.1,1.25439,7.67E+03,8.24E+03
290,NONE,STD,0.8,10000,483.008,0,10.107,940.3,25466.5,24526.2,1846.1,1.96318,7.58E+03,8.07E+03
291,NONE,STD,0.9,10000,483.008,0,10.107,9097.3,47489.9,38392.6,7222,0.79386,7.98E+03,9.17E+03
292,NONE,STD,0.9,10000,483.008,0,10.107,8187.6,45874.6,37687,6617.6,0.80824,7.96E+03,9.09E+03
293,NONE,STD,0.9,10000,483.008,0,10.107,7277.9,44239.7,36961.8,6020.9,0.82728,7.93E+03,9.01E+03
294,NONE,STD,0.9,10000,483.008,0,10.107,6368.1,42583.5,36215.3,5432,0.853,7.91E+03,8.93E+03
295,NONE,STD,0.9,10000,483.008,0,10.107,5458.4,40910.9,35452.5,4845,0.88763,7.87E+03,8.84E+03
296,NONE,STD,0.9,10000,483.008,0,10.107,4548.7,39208.2,34659.5,4266.4,0.93794,7.84E+03,8.74E+03
297,NONE,STD,0.9,10000,483.008,0,10.107,3638.9,37453.9,33814.9,3697.5,1.01608,7.79E+03,8.63E+03
298,NONE,STD,0.9,10000,483.008,0,10.107,2729.2,35642.9,32913.7,3151.5,1.15474,7.72E+03,8.50E+03
299,NONE,STD,0.9,10000,483.008,0,10.107,1819.5,33782.4,31962.9,2614.9,1.43716,7.65E+03,8.36E+03
300,NONE,STD,0.9,10000,483.008,0,10.107,909.7,31850.4,30940.6,2086,2.29294,7.57E+03,8.20E+03
301,NONE,STD,0,15000,465.178,0,8.294,14620.7,14620.7,0,4735.5,0.32389,8.16E+03,8.67E+03
302,NONE,STD,0,15000,465.178,0,8.294,13158.7,13158.7,0,4239.7,0.3222,8.14E+03,8.57E+03
303,NONE,STD,0,15000,465.178,0,8.294,11696.6,11696.6,0,3705.3,0.31678,8.11E+03,8.45E+03
304,NONE,STD,0,15000,465.178,0,8.294,10234.5,10234.5,0,3176.9,0.31041,8.06E+03,8.32E+03
305,NONE,STD,0,15000,465.178,0,8.294,8772.4,8772.4,0,2645,0.30151,8.01E+03,8.18E+03
306,NONE,STD,0,15000,465.178,0,8.294,7310.4,7310.4,0,2136,0.29219,7.96E+03,8.03E+03
307,NONE,STD,0,15000,465.178,0,8.294,5848.3,5848.3,0,1689.7,0.28892,7.89E+03,7.87E+03
308,NONE,STD,0,15000,465.178,0,8.294,4386.2,4386.2,0,1268.8,0.28926,7.79E+03,7.68E+03
309,NONE,STD,0,15000,465.178,0,8.294,2924.1,2924.1,0,899.8,0.30772,7.63E+03,7.43E+03
310,NONE,STD,0,15000,465.178,0,8.294,1462.1,1462.1,0,577.7,0.39511,7.45E+03,7.17E+03
311,NONE,STD,0.1,15000,465.178,0,8.294,13016.5,15123.4,2107,4780.8,0.36729,8.16E+03,8.67E+03
312,NONE,STD,0.1,15000,465.178,0,8.294,11714.8,13722,2007.2,4301.2,0.36716,8.14E+03,8.58E+03
313,NONE,STD,0.1,15000,465.178,0,8.294,10413.2,12316.8,1903.7,3790,0.36397,8.11E+03,8.47E+03
314,NONE,STD,0.1,15000,465.178,0,8.294,9111.5,10905.5,1793.9,3281.4,0.36014,8.07E+03,8.35E+03
315,NONE,STD,0.1,15000,465.178,0,8.294,7809.9,9486.1,1676.2,2774.3,0.35523,8.02E+03,8.21E+03
316,NONE,STD,0.1,15000,465.178,0,8.294,6508.2,8056.4,1548.1,2271.1,0.34896,7.97E+03,8.07E+03
317,NONE,STD,0.1,15000,465.178,0,8.294,5206.6,6612,1405.4,1817.1,0.349,7.91E+03,7.92E+03
318,NONE,STD,0.1,15000,465.178,0,8.294,3904.9,5148.2,1243.2,1392,0.35647,7.82E+03,7.74E+03
319,NONE,STD,0.1,15000,465.178,0,8.294,2603.3,3653.4,1050.1,1004.6,0.38589,7.68E+03,7.51E+03
320,NONE,STD,0.1,15000,465.178,0,8.294,1301.6,2100.6,799,660.5,0.50747,7.50E+03,7.24E+03
321,NONE,STD,0.2,15000,465.178,0,8.294,11695.2,16043.2,4348,4851.5,0.41482,8.15E+03,8.69E+03
322,NONE,STD,0.2,15000,465.178,0,8.294,10525.7,14686.5,4160.8,4379.9,0.41611,8.13E+03,8.60E+03
323,NONE,STD,0.2,15000,465.178,0,8.294,9356.2,13322.9,3966.8,3880.7,0.41478,8.11E+03,8.49E+03
324,NONE,STD,0.2,15000,465.178,0,8.294,8186.7,11947.7,3761,3386.3,0.41364,8.07E+03,8.38E+03
325,NONE,STD,0.2,15000,465.178,0,8.294,7017.1,10558.1,3541,2895.3,0.4126,8.02E+03,8.25E+03
326,NONE,STD,0.2,15000,465.178,0,8.294,5847.6,9149.3,3301.7,2411.9,0.41245,7.98E+03,8.11E+03
327,NONE,STD,0.2,15000,465.178,0,8.294,4678.1,7715.6,3037.5,1941.5,0.41502,7.92E+03,7.96E+03
328,NONE,STD,0.2,15000,465.178,0,8.294,3508.6,6246,2737.4,1516.7,0.43229,7.84E+03,7.80E+03
329,NONE,STD,0.2,15000,465.178,0,8.294,2339,4723.5,2384.5,1115.9,0.47708,7.72E+03,7.58E+03
330,NONE,STD,0.2,15000,465.178,0,8.294,1169.5,3108.5,1939,753.9,0.64458,7.55E+03,7.32E+03
331,NONE,STD,0.3,15000,465.178,0,8.294,10817.6,17688.1,6870.5,4979.3,0.4603,8.14E+03,8.72E+03
332,NONE,STD,0.3,15000,465.178,0,8.294,9735.8,16340.6,6604.8,4503.4,0.46256,8.12E+03,8.63E+03
333,NONE,STD,0.3,15000,465.178,0,8.294,8654.1,14983.1,6329,4007.7,0.4631,8.10E+03,8.52E+03
334,NONE,STD,0.3,15000,465.178,0,8.294,7572.3,13609.9,6037.6,3513.7,0.46402,8.06E+03,8.41E+03
335,NONE,STD,0.3,15000,465.178,0,8.294,6490.6,12216.8,5726.2,3028.2,0.46656,8.02E+03,8.29E+03
336,NONE,STD,0.3,15000,465.178,0,8.294,5408.8,10798.2,5389.4,2552.3,0.47187,7.98E+03,8.16E+03
337,NONE,STD,0.3,15000,465.178,0,8.294,4327,9346.8,5019.7,2089.8,0.48295,7.93E+03,8.02E+03
338,NONE,STD,0.3,15000,465.178,0,8.294,3245.3,7850,4604.7,1639.8,0.50529,7.86E+03,7.86E+03
339,NONE,STD,0.3,15000,465.178,0,8.294,2163.5,6285.3,4121.8,1230,0.5685,7.74E+03,7.66E+03
340,NONE,STD,0.3,15000,465.178,0,8.294,1081.8,4613.5,3531.8,849.2,0.78503,7.58E+03,7.40E+03
341,NONE,STD,0.4,15000,465.178,0,8.294,10457.7,20333.6,9876,5191.2,0.4964,8.13E+03,8.76E+03
342,NONE,STD,0.4,15000,465.178,0,8.294,9411.9,18945.8,9533.9,4692.5,0.49857,8.11E+03,8.67E+03
343,NONE,STD,0.4,15000,465.178,0,8.294,8366.1,17544.5,9178.4,4182.3,0.4999,8.08E+03,8.56E+03
344,NONE,STD,0.4,15000,465.178,0,8.294,7320.4,16124,8803.6,3673.7,0.50185,8.05E+03,8.45E+03
345,NONE,STD,0.4,15000,465.178,0,8.294,6274.6,14678.8,8404.2,3174.6,0.50595,8.01E+03,8.34E+03
346,NONE,STD,0.4,15000,465.178,0,8.294,5228.8,13202.2,7973.4,2688.3,0.51414,7.96E+03,8.21E+03
347,NONE,STD,0.4,15000,465.178,0,8.294,4183.1,11687.9,7504.9,2212.7,0.52896,7.92E+03,8.07E+03
348,NONE,STD,0.4,15000,465.178,0,8.294,3137.3,10122,6984.7,1756.3,0.55981,7.85E+03,7.91E+03
349,NONE,STD,0.4,15000,465.178,0,8.294,2091.5,8478.5,6387,1322.1,0.63211,7.74E+03,7.71E+03
350,NONE,STD,0.4,15000,465.178,0,8.294,1045.8,6721.4,5675.6,918.8,0.87855,7.59E+03,7.47E+03
351,NONE,STD,0.5,15000,465.178,0,8.294,9925,23146.1,13221.1,5385.9,0.54266,8.10E+03,8.81E+03
352,NONE,STD,0.5,15000,465.178,0,8.294,8932.5,21758.9,12826.4,4871.2,0.54533,8.08E+03,8.72E+03
353,NONE,STD,0.5,15000,465.178,0,8.294,7940,20346.5,12406.5,4355.8,0.54859,8.06E+03,8.62E+03
354,NONE,STD,0.5,15000,465.178,0,8.294,6947.5,18909.3,11961.8,3844.9,0.55342,8.03E+03,8.51E+03
355,NONE,STD,0.5,15000,465.178,0,8.294,5955,17446.1,11491.1,3336.6,0.56031,7.99E+03,8.40E+03
356,NONE,STD,0.5,15000,465.178,0,8.294,4962.5,15946.7,10984.2,2848.7,0.57404,7.95E+03,8.27E+03
357,NONE,STD,0.5,15000,465.178,0,8.294,3970,14406.7,10436.7,2367.6,0.59638,7.90E+03,8.14E+03
358,NONE,STD,0.5,15000,465.178,0,8.294,2977.5,12812.9,9835.4,1904.1,0.63949,7.84E+03,7.99E+03
359,NONE,STD,0.5,15000,465.178,0,8.294,1985,11140.7,9155.7,1466.1,0.73857,7.74E+03,7.80E+03
360,NONE,STD,0.5,15000,465.178,0,8.294,992.5,9362,8369.5,1038.7,1.04655,7.60E+03,7.57E+03
361,NONE,STD,0.6,15000,465.178,0,8.294,9454.5,26477,17022.5,5611.6,0.59354,8.07E+03,8.87E+03
362,NONE,STD,0.6,15000,465.178,0,8.294,8509,25085.6,16576.5,5087.6,0.59791,8.05E+03,8.78E+03
363,NONE,STD,0.6,15000,465.178,0,8.294,7563.6,23676.5,16113,4560.2,0.60291,8.03E+03,8.69E+03
364,NONE,STD,0.6,15000,465.178,0,8.294,6618.1,22241.6,15623.5,4041.3,0.61064,8.00E+03,8.59E+03
365,NONE,STD,0.6,15000,465.178,0,8.294,5672.7,20775,15102.3,3530.5,0.62237,7.97E+03,8.48E+03
366,NONE,STD,0.6,15000,465.178,0,8.294,4727.2,19260.9,14533.7,3029.2,0.64081,7.93E+03,8.36E+03
367,NONE,STD,0.6,15000,465.178,0,8.294,3781.8,17700.5,13918.7,2547.2,0.67354,7.88E+03,8.23E+03
368,NONE,STD,0.6,15000,465.178,0,8.294,2836.3,16088.1,13251.8,2075.7,0.73183,7.82E+03,8.08E+03
369,NONE,STD,0.6,15000,465.178,0,8.294,1890.9,14397.3,12506.4,1627.9,0.86094,7.73E+03,7.91E+03
370,NONE,STD,0.6,15000,465.178,0,8.294,945.4,12608.4,11662.9,1187.2,1.25568,7.60E+03,7.69E+03
371,NONE,STD,0.7,15000,465.178,0,8.294,9064.5,30432.5,21368.1,5855.5,0.64599,8.05E+03,8.93E+03
372,NONE,STD,0.7,15000,465.178,0,8.294,8158,29037.1,20879,5319.1,0.65201,8.03E+03,8.85E+03
373,NONE,STD,0.7,15000,465.178,0,8.294,7251.6,27619.5,20367.9,4788.9,0.66039,8.01E+03,8.76E+03
374,NONE,STD,0.7,15000,465.178,0,8.294,6345.1,26178.1,19833,4259.5,0.6713,7.98E+03,8.67E+03
375,NONE,STD,0.7,15000,465.178,0,8.294,5438.7,24707.2,19268.5,3737.2,0.68716,7.95E+03,8.56E+03
376,NONE,STD,0.7,15000,465.178,0,8.294,4532.2,23195.9,18663.7,3230.5,0.71279,7.91E+03,8.45E+03
377,NONE,STD,0.7,15000,465.178,0,8.294,3625.8,21638.4,18012.7,2737.7,0.75505,7.86E+03,8.32E+03
378,NONE,STD,0.7,15000,465.178,0,8.294,2719.3,20019.1,17299.8,2258.7,0.83062,7.80E+03,8.18E+03
379,NONE,STD,0.7,15000,465.178,0,8.294,1812.9,18308.1,16495.2,1803.6,0.99486,7.71E+03,8.01E+03
380,NONE,STD,0.7,15000,465.178,0,8.294,906.4,16510.9,15604.5,1351.6,1.49106,7.60E+03,7.81E+03
381,NONE,STD,0.8,15000,465.178,0,8.294,8706.8,35058.4,26351.6,6122.3,0.70317,8.02E+03,9.00E+03
382,NONE,STD,0.8,15000,465.178,0,8.294,7836.1,33638.4,25802.3,5576.3,0.71161,8.00E+03,8.92E+03
383,NONE,STD,0.8,15000,465.178,0,8.294,6965.4,32203.9,25238.4,5030.7,0.72224,7.98E+03,8.84E+03
384,NONE,STD,0.8,15000,465.178,0,8.294,6094.8,30745.8,24651,4488.5,0.73646,7.95E+03,8.74E+03
385,NONE,STD,0.8,15000,465.178,0,8.294,5224.1,29264.5,24040.4,3963.9,0.75878,7.92E+03,8.65E+03
386,NONE,STD,0.8,15000,465.178,0,8.294,4353.4,27752.3,23398.9,3444,0.7911,7.88E+03,8.54E+03
387,NONE,STD,0.8,15000,465.178,0,8.294,3482.7,26189.3,22706.6,2942.9,0.84501,7.84E+03,8.43E+03
388,NONE,STD,0.8,15000,465.178,0,8.294,2612,24564.3,21952.3,2462.7,0.94284,7.78E+03,8.29E+03
389,NONE,STD,0.8,15000,465.178,0,8.294,1741.4,22867.7,21126.3,1995.4,1.14586,7.69E+03,8.12E+03
390,NONE,STD,0.8,15000,465.178,0,8.294,870.7,21095.8,20225.2,1529.6,1.75683,7.59E+03,7.94E+03
391,NONE,STD,0.9,15000,465.178,0,8.294,8344.2,40468.9,32124.7,6414.1,0.76868,8.00E+03,9.08E+03
392,NONE,STD,0.9,15000,465.178,0,8.294,7509.8,39027.9,31518,5849.2,0.77887,7.97E+03,9.00E+03
393,NONE,STD,0.9,15000,465.178,0,8.294,6675.4,37558.7,30883.3,5288.9,0.7923,7.95E+03,8.92E+03
394,NONE,STD,0.9,15000,465.178,0,8.294,5841,36066,30225,4740.7,0.81163,7.92E+03,8.83E+03
395,NONE,STD,0.9,15000,465.178,0,8.294,5006.5,34550.7,29544.2,4202.4,0.83938,7.89E+03,8.74E+03
396,NONE,STD,0.9,15000,465.178,0,8.294,4172.1,33007.5,28835.4,3675.9,0.88107,7.85E+03,8.64E+03
397,NONE,STD,0.9,15000,465.178,0,8.294,3337.7,31426.2,28088.5,3162.2,0.94741,7.81E+03,8.53E+03
398,NONE,STD,0.9,15000,465.178,0,8.294,2503.3,29775.6,27272.3,2675.9,1.06895,7.75E+03,8.39E+03
399,NONE,STD,0.9,15000,465.178,0,8.294,1668.8,28081.3,26412.5,2194.1,1.31476,7.67E+03,8.24E+03
400,NONE,STD,0.9,15000,465.178,0,8.294,834.4,26319,25484.6,1718.1,2.059,7.57E+03,8.07E+03
401,NONE,STD,0,20000,447.347,0,6.753,13343.9,13343.9,0,4209.4,0.31546,8.18E+03,8.59E+03
402,NONE,STD,0,20000,447.347,0,6.753,12009.5,12009.5,0,3752.5,0.31246,8.16E+03,8.49E+03
403,NONE,STD,0,20000,447.347,0,6.753,10675.1,10675.1,0,3283.8,0.30761,8.13E+03,8.37E+03
404,NONE,STD,0,20000,447.347,0,6.753,9340.7,9340.7,0,2821.8,0.3021,8.09E+03,8.25E+03
405,NONE,STD,0,20000,447.347,0,6.753,8006.4,8006.4,0,2375,0.29664,8.04E+03,8.12E+03
406,NONE,STD,0,20000,447.347,0,6.753,6672,6672,0,1940.3,0.29082,7.98E+03,7.97E+03
407,NONE,STD,0,20000,447.347,0,6.753,5337.6,5337.6,0,1524.4,0.2856,7.92E+03,7.81E+03
408,NONE,STD,0,20000,447.347,0,6.753,4003.2,4003.2,0,1132.4,0.28287,7.83E+03,7.61E+03
409,NONE,STD,0,20000,447.347,0,6.753,2668.8,2668.8,0,783.1,0.29344,7.66E+03,7.34E+03
410,NONE,STD,0,20000,447.347,0,6.753,1334.4,1334.4,0,489.3,0.36667,7.47E+03,7.06E+03
411,NONE,STD,0.1,20000,447.347,0,6.753,11915.1,13727.8,1812.7,4245.8,0.35633,8.18E+03,8.59E+03
412,NONE,STD,0.1,20000,447.347,0,6.753,10723.6,12449.8,1726.2,3810.4,0.35533,8.16E+03,8.50E+03
413,NONE,STD,0.1,20000,447.347,0,6.753,9532.1,11168.3,1636.1,3357.1,0.35219,8.13E+03,8.39E+03
414,NONE,STD,0.1,20000,447.347,0,6.753,8340.6,9881.7,1541.1,2901,0.34782,8.09E+03,8.27E+03
415,NONE,STD,0.1,20000,447.347,0,6.753,7149.1,8587.8,1438.7,2468.1,0.34524,8.05E+03,8.14E+03
416,NONE,STD,0.1,20000,447.347,0,6.753,5957.6,7284.7,1327.2,2043.4,0.34299,7.99E+03,8.00E+03
417,NONE,STD,0.1,20000,447.347,0,6.753,4766.1,5969.8,1203.7,1632.4,0.34251,7.94E+03,7.85E+03
418,NONE,STD,0.1,20000,447.347,0,6.753,3574.5,4638.3,1063.8,1238.2,0.34641,7.85E+03,7.67E+03
419,NONE,STD,0.1,20000,447.347,0,6.753,2383,3280.2,897.2,875.2,0.36725,7.71E+03,7.42E+03
420,NONE,STD,0.1,20000,447.347,0,6.753,1191.5,1871.6,680.1,558.2,0.46846,7.52E+03,7.13E+03
421,NONE,STD,0.2,20000,447.347,0,6.753,10719.8,14444.5,3724.7,4302,0.40131,8.17E+03,8.61E+03
422,NONE,STD,0.2,20000,447.347,0,6.753,9647.8,13208.8,3561,3888.2,0.40301,8.15E+03,8.52E+03
423,NONE,STD,0.2,20000,447.347,0,6.753,8575.9,11967.8,3392,3443.6,0.40154,8.13E+03,8.41E+03
424,NONE,STD,0.2,20000,447.347,0,6.753,7503.9,10718.9,3215,2981.7,0.39736,8.09E+03,8.29E+03
425,NONE,STD,0.2,20000,447.347,0,6.753,6431.9,9455,3023.1,2556.6,0.39749,8.05E+03,8.17E+03
426,NONE,STD,0.2,20000,447.347,0,6.753,5359.9,8175.2,2815.3,2138.1,0.3989,8.00E+03,8.04E+03
427,NONE,STD,0.2,20000,447.347,0,6.753,4287.9,6873.2,2585.2,1730.4,0.40355,7.95E+03,7.89E+03
428,NONE,STD,0.2,20000,447.347,0,6.753,3215.9,5541.4,2325.5,1337.2,0.41579,7.87E+03,7.72E+03
429,NONE,STD,0.2,20000,447.347,0,6.753,2144,4163.2,2019.3,967.9,0.45145,7.75E+03,7.49E+03
430,NONE,STD,0.2,20000,447.347,0,6.753,1072,2703,1631,634.4,0.5918,7.57E+03,7.21E+03
431,NONE,STD,0.3,20000,447.347,0,6.753,9899.2,15751.1,5852,4407.4,0.44523,8.16E+03,8.63E+03
432,NONE,STD,0.3,20000,447.347,0,6.753,8909.2,14528.9,5619.7,3987.1,0.44753,8.14E+03,8.54E+03
433,NONE,STD,0.3,20000,447.347,0,6.753,7919.3,13296.6,5377.3,3559.2,0.44943,8.12E+03,8.44E+03
434,NONE,STD,0.3,20000,447.347,0,6.753,6929.4,12055.7,5126.3,3101.6,0.4476,8.09E+03,8.33E+03
435,NONE,STD,0.3,20000,447.347,0,6.753,5939.5,10797,4857.5,2656,0.44717,8.05E+03,8.20E+03
436,NONE,STD,0.3,20000,447.347,0,6.753,4949.6,9513.9,4564.3,2239.6,0.45247,8.00E+03,8.07E+03
437,NONE,STD,0.3,20000,447.347,0,6.753,3959.7,8202.7,4243,1831.2,0.46246,7.95E+03,7.93E+03
438,NONE,STD,0.3,20000,447.347,0,6.753,2969.7,6851.6,3881.9,1435,0.48321,7.88E+03,7.78E+03
439,NONE,STD,0.3,20000,447.347,0,6.753,1979.8,5441.1,3461.3,1058,0.53438,7.77E+03,7.56E+03
440,NONE,STD,0.3,20000,447.347,0,6.753,989.9,3932,2942.1,711.5,0.71879,7.60E+03,7.29E+03
441,NONE,STD,0.4,20000,447.347,0,6.753,9538.6,17900.9,8362.3,4590.9,0.4813,8.14E+03,8.68E+03
442,NONE,STD,0.4,20000,447.347,0,6.753,8584.7,16648.7,8064,4150.4,0.48346,8.13E+03,8.58E+03
443,NONE,STD,0.4,20000,447.347,0,6.753,7630.9,15383.1,7752.2,3705.3,0.48557,8.10E+03,8.48E+03
444,NONE,STD,0.4,20000,447.347,0,6.753,6677,14103.6,7426.5,3249.6,0.48669,8.07E+03,8.37E+03
445,NONE,STD,0.4,20000,447.347,0,6.753,5723.2,12804.1,7081,2794.3,0.48824,8.04E+03,8.25E+03
446,NONE,STD,0.4,20000,447.347,0,6.753,4769.3,11478.8,6709.5,2347.5,0.4922,7.99E+03,8.11E+03
447,NONE,STD,0.4,20000,447.347,0,6.753,3815.4,10116.5,6301.1,1927.9,0.5053,7.94E+03,7.98E+03
448,NONE,STD,0.4,20000,447.347,0,6.753,2861.6,8710.2,5848.6,1519.1,0.53084,7.87E+03,7.82E+03
449,NONE,STD,0.4,20000,447.347,0,6.753,1907.7,7235.9,5328.1,1131.5,0.5931,7.77E+03,7.62E+03
450,NONE,STD,0.4,20000,447.347,0,6.753,953.9,5652.1,4698.2,766.9,0.80398,7.60E+03,7.35E+03
451,NONE,STD,0.5,20000,447.347,0,6.753,9065.7,20207.1,11141.5,4768.3,0.52598,8.13E+03,8.73E+03
452,NONE,STD,0.5,20000,447.347,0,6.753,8159.1,18955,10795.9,4313,0.52862,8.11E+03,8.63E+03
453,NONE,STD,0.5,20000,447.347,0,6.753,7252.5,17687.2,10434.7,3857,0.53181,8.08E+03,8.53E+03
454,NONE,STD,0.5,20000,447.347,0,6.753,6346,16394.4,10048.5,3396.5,0.53522,8.05E+03,8.42E+03
455,NONE,STD,0.5,20000,447.347,0,6.753,5439.4,15077.5,9638.1,2939.1,0.54033,8.02E+03,8.31E+03
456,NONE,STD,0.5,20000,447.347,0,6.753,4532.8,13729.7,9196.9,2495.9,0.55063,7.98E+03,8.18E+03
457,NONE,STD,0.5,20000,447.347,0,6.753,3626.3,12345.4,8719.2,2056.9,0.56723,7.93E+03,8.04E+03
458,NONE,STD,0.5,20000,447.347,0,6.753,2719.7,10913.6,8193.9,1640,0.603,7.87E+03,7.89E+03
459,NONE,STD,0.5,20000,447.347,0,6.753,1813.1,9412.6,7599.4,1244,0.68611,7.77E+03,7.70E+03
460,NONE,STD,0.5,20000,447.347,0,6.753,906.6,7808.2,6901.6,863.1,0.95208,7.62E+03,7.45E+03
461,NONE,STD,0.6,20000,447.347,0,6.753,8609.9,22881.9,14272,4953.3,0.57531,8.10E+03,8.79E+03
462,NONE,STD,0.6,20000,447.347,0,6.753,7748.9,21632.7,13883.9,4483.2,0.57856,8.08E+03,8.70E+03
463,NONE,STD,0.6,20000,447.347,0,6.753,6887.9,20365.1,13477.2,4017.1,0.58321,8.06E+03,8.60E+03
464,NONE,STD,0.6,20000,447.347,0,6.753,6026.9,19078.1,13051.2,3549.8,0.58899,8.03E+03,8.49E+03
465,NONE,STD,0.6,20000,447.347,0,6.753,5165.9,17764.4,12598.5,3091.7,0.59848,8.00E+03,8.38E+03
466,NONE,STD,0.6,20000,447.347,0,6.753,4304.9,16413.3,12108.3,2638.7,0.61294,7.95E+03,8.25E+03
467,NONE,STD,0.6,20000,447.347,0,6.753,3443.9,15013.6,11569.7,2206.6,0.64073,7.91E+03,8.12E+03
468,NONE,STD,0.6,20000,447.347,0,6.753,2583,13566,10983,1783,0.6903,7.85E+03,7.97E+03
469,NONE,STD,0.6,20000,447.347,0,6.753,1722,12052,10330,1374,0.79792,7.77E+03,7.80E+03
470,NONE,STD,0.6,20000,447.347,0,6.753,861,10442.1,9581.1,984.7,1.14365,7.63E+03,7.57E+03
471,NONE,STD,0.7,20000,447.347,0,6.753,8292.7,26172.1,17879.5,5180.4,0.6247,8.07E+03,8.86E+03
472,NONE,STD,0.7,20000,447.347,0,6.753,7463.4,24906.6,17443.2,4701.6,0.62996,8.05E+03,8.77E+03
473,NONE,STD,0.7,20000,447.347,0,6.753,6634.1,23630.2,16996.1,4222.1,0.63641,8.03E+03,8.68E+03
474,NONE,STD,0.7,20000,447.347,0,6.753,5804.9,22331.6,16526.7,3745.7,0.64527,8.00E+03,8.57E+03
475,NONE,STD,0.7,20000,447.347,0,6.753,4975.6,21005.9,16030.3,3275.8,0.65838,7.97E+03,8.46E+03
476,NONE,STD,0.7,20000,447.347,0,6.753,4146.3,19646.6,15500.2,2816.5,0.67927,7.93E+03,8.34E+03
477,NONE,STD,0.7,20000,447.347,0,6.753,3317.1,18246.4,14929.3,2367.8,0.71384,7.89E+03,8.21E+03
478,NONE,STD,0.7,20000,447.347,0,6.753,2487.8,16792.8,14305,1936.8,0.77853,7.83E+03,8.07E+03
479,NONE,STD,0.7,20000,447.347,0,6.753,1658.5,15251.9,13593.3,1524,0.91886,7.75E+03,7.90E+03
480,NONE,STD,0.7,20000,447.347,0,6.753,829.3,13622.5,12793.2,1122.8,1.35392,7.62E+03,7.69E+03
481,NONE,STD,0.8,20000,447.347,0,6.753,8032,30083,22050.9,5430.7,0.67614,8.04E+03,8.93E+03
482,NONE,STD,0.8,20000,447.347,0,6.753,7228.8,28785.1,21556.2,4935.2,0.68271,8.02E+03,8.85E+03
483,NONE,STD,0.8,20000,447.347,0,6.753,6425.6,27472.5,21046.8,4447.8,0.69219,8.00E+03,8.76E+03
484,NONE,STD,0.8,20000,447.347,0,6.753,5622.4,26145.2,20522.8,3960.9,0.70448,7.97E+03,8.66E+03
485,NONE,STD,0.8,20000,447.347,0,6.753,4819.2,24794.4,19975.2,3479.5,0.722,7.94E+03,8.56E+03
486,NONE,STD,0.8,20000,447.347,0,6.753,4016,23418.8,19402.7,3010.7,0.74966,7.90E+03,8.44E+03
487,NONE,STD,0.8,20000,447.347,0,6.753,3212.8,22002.8,18790,2551.3,0.79409,7.86E+03,8.32E+03
488,NONE,STD,0.8,20000,447.347,0,6.753,2409.6,20533.9,18124.3,2106.1,0.87405,7.80E+03,8.18E+03
489,NONE,STD,0.8,20000,447.347,0,6.753,1606.4,18989.4,17383,1683.5,1.04798,7.72E+03,8.01E+03
490,NONE,STD,0.8,20000,447.347,0,6.753,803.2,17369.1,16565.9,1264.2,1.574,7.61E+03,7.81E+03
491,NONE,STD,0.9,20000,447.347,0,6.753,7758.2,34630.8,26872.6,5692.7,0.73377,8.01E+03,9.01E+03
492,NONE,STD,0.9,20000,447.347,0,6.753,6982.4,33307.4,26325,5182.9,0.74228,7.99E+03,8.92E+03
493,NONE,STD,0.9,20000,447.347,0,6.753,6206.6,31965.3,25758.8,4675.8,0.75337,7.97E+03,8.84E+03
494,NONE,STD,0.9,20000,447.347,0,6.753,5430.7,30593.6,25162.9,4175.1,0.7688,7.94E+03,8.74E+03
495,NONE,STD,0.9,20000,447.347,0,6.753,4654.9,29198.4,24543.5,3685.1,0.79166,7.91E+03,8.65E+03
496,NONE,STD,0.9,20000,447.347,0,6.753,3879.1,27781.8,23902.7,3201.3,0.82528,7.88E+03,8.54E+03
497,NONE,STD,0.9,20000,447.347,0,6.753,3103.3,26330.4,23227.2,2734.4,0.88112,7.83E+03,8.42E+03
498,NONE,STD,0.9,20000,447.347,0,6.753,2327.5,24822,22494.5,2283.7,0.98118,7.77E+03,8.28E+03
499,NONE,STD,0.9,20000,447.347,0,6.753,1551.6,23258.6,21707,1851.3,1.19311,7.69E+03,8.12E+03
500,NONE,STD,0.9,20000,447.347,0,6.753,775.8,21633.5,20857.6,1416.8,1.82625,7.58E+03,7.93E+03
501,NONE,STD,0,25000,429.516,0,5.454,12458,12458,0,3795.3,0.30465,8.18E+03,8.52E+03
502,NONE,STD,0,25000,429.516,0,5.454,11212.2,11212.2,0,3409.6,0.3041,8.16E+03,8.43E+03
503,NONE,STD,0,25000,429.516,0,5.454,9966.4,9966.4,0,3030.9,0.30411,8.15E+03,8.34E+03
504,NONE,STD,0,25000,429.516,0,5.454,8720.6,8720.6,0,2637.4,0.30244,8.12E+03,8.23E+03
505,NONE,STD,0,25000,429.516,0,5.454,7474.8,7474.8,0,2223.3,0.29744,8.08E+03,8.10E+03
506,NONE,STD,0,25000,429.516,0,5.454,6229,6229,0,1812.6,0.291,8.02E+03,7.94E+03
507,NONE,STD,0,25000,429.516,0,5.454,4983.2,4983.2,0,1412.7,0.28349,7.96E+03,7.76E+03
508,NONE,STD,0,25000,429.516,0,5.454,3737.4,3737.4,0,1039.3,0.27808,7.87E+03,7.55E+03
509,NONE,STD,0,25000,429.516,0,5.454,2491.6,2491.6,0,700.3,0.28108,7.72E+03,7.28E+03
510,NONE,STD,0,25000,429.516,0,5.454,1245.8,1245.8,0,420.2,0.33726,7.50E+03,6.96E+03
511,NONE,STD,0.1,25000,429.516,0,5.454,11168.3,12741.7,1573.4,3821.8,0.34221,8.18E+03,8.53E+03
512,NONE,STD,0.1,25000,429.516,0,5.454,10051.4,11547.9,1496.4,3448,0.34303,8.16E+03,8.44E+03
513,NONE,STD,0.1,25000,429.516,0,5.454,8934.6,10350,1415.4,3080.3,0.34476,8.15E+03,8.35E+03
514,NONE,STD,0.1,25000,429.516,0,5.454,7817.8,9148.5,1330.7,2696.6,0.34493,8.12E+03,8.24E+03
515,NONE,STD,0.1,25000,429.516,0,5.454,6701,7942,1241.1,2296.6,0.34273,8.08E+03,8.12E+03
516,NONE,STD,0.1,25000,429.516,0,5.454,5584.1,6728.5,1144.3,1896.7,0.33966,8.03E+03,7.97E+03
517,NONE,STD,0.1,25000,429.516,0,5.454,4467.3,5504.5,1037.2,1502.8,0.3364,7.97E+03,7.80E+03
518,NONE,STD,0.1,25000,429.516,0,5.454,3350.5,4265.9,915.4,1129.2,0.33702,7.89E+03,7.60E+03
519,NONE,STD,0.1,25000,429.516,0,5.454,2233.7,3004.5,770.8,780.5,0.34943,7.76E+03,7.35E+03
520,NONE,STD,0.1,25000,429.516,0,5.454,1116.8,1698.7,581.9,477.6,0.42764,7.55E+03,7.03E+03
521,NONE,STD,0.2,25000,429.516,0,5.454,10057.9,13273.9,3216,3859.9,0.38376,8.18E+03,8.54E+03
522,NONE,STD,0.2,25000,429.516,0,5.454,9052.1,12123.1,3071,3493.2,0.3859,8.16E+03,8.46E+03
523,NONE,STD,0.2,25000,429.516,0,5.454,8046.3,10964.9,2918.6,3130.8,0.38909,8.14E+03,8.37E+03
524,NONE,STD,0.2,25000,429.516,0,5.454,7040.5,9799.8,2759.3,2752.8,0.391,8.12E+03,8.26E+03
525,NONE,STD,0.2,25000,429.516,0,5.454,6034.7,8625.9,2591.2,2358.8,0.39087,8.08E+03,8.14E+03
526,NONE,STD,0.2,25000,429.516,0,5.454,5028.9,7438.8,2409.8,1966.7,0.39107,8.03E+03,8.00E+03
527,NONE,STD,0.2,25000,429.516,0,5.454,4023.1,6233.5,2210.4,1578.4,0.39232,7.98E+03,7.84E+03
528,NONE,STD,0.2,25000,429.516,0,5.454,3017.4,5000.6,1983.2,1207.5,0.40018,7.90E+03,7.65E+03
529,NONE,STD,0.2,25000,429.516,0,5.454,2011.6,3727.7,1716.1,856,0.42555,7.79E+03,7.42E+03
530,NONE,STD,0.2,25000,429.516,0,5.454,1005.8,2380.4,1374.6,540.4,0.53733,7.60E+03,7.11E+03
531,NONE,STD,0.3,25000,429.516,0,5.454,9195.4,14195.1,4999.7,3928.3,0.42721,8.17E+03,8.56E+03
532,NONE,STD,0.3,25000,429.516,0,5.454,8275.9,13072.4,4796.5,3546.4,0.42852,8.15E+03,8.47E+03
533,NONE,STD,0.3,25000,429.516,0,5.454,7356.3,11938.3,4581.9,3178.8,0.43211,8.13E+03,8.38E+03
534,NONE,STD,0.3,25000,429.516,0,5.454,6436.8,10794.1,4357.3,2801.3,0.43521,8.11E+03,8.28E+03
535,NONE,STD,0.3,25000,429.516,0,5.454,5517.3,9637.6,4120.4,2411.5,0.43708,8.07E+03,8.16E+03
536,NONE,STD,0.3,25000,429.516,0,5.454,4597.7,8463.1,3865.4,2024.3,0.44029,8.03E+03,8.02E+03
537,NONE,STD,0.3,25000,429.516,0,5.454,3678.2,7263.7,3585.5,1644,0.44696,7.97E+03,7.87E+03
538,NONE,STD,0.3,25000,429.516,0,5.454,2758.6,6030.2,3271.6,1273.6,0.46169,7.91E+03,7.69E+03
539,NONE,STD,0.3,25000,429.516,0,5.454,1839.1,4743,2903.9,922.5,0.5016,7.80E+03,7.48E+03
540,NONE,STD,0.3,25000,429.516,0,5.454,919.5,3365.7,2446.1,599.6,0.65208,7.62E+03,7.18E+03
541,NONE,STD,0.4,25000,429.516,0,5.454,8694.9,15739.1,7044.2,4056.2,0.46651,8.16E+03,8.59E+03
542,NONE,STD,0.4,25000,429.516,0,5.454,7825.4,14618.8,6793.4,3652.9,0.4668,8.14E+03,8.50E+03
543,NONE,STD,0.4,25000,429.516,0,5.454,6955.9,13481.6,6525.7,3251.8,0.46749,8.12E+03,8.40E+03
544,NONE,STD,0.4,25000,429.516,0,5.454,6086.4,12326.9,6240.5,2863.1,0.47041,8.09E+03,8.29E+03
545,NONE,STD,0.4,25000,429.516,0,5.454,5216.9,11156.7,5939.7,2468.1,0.4731,8.06E+03,8.18E+03
546,NONE,STD,0.4,25000,429.516,0,5.454,4347.5,9964.3,5616.8,2076.4,0.47762,8.01E+03,8.04E+03
547,NONE,STD,0.4,25000,429.516,0,5.454,3478,8741.2,5263.2,1696.3,0.48774,7.96E+03,7.90E+03
548,NONE,STD,0.4,25000,429.516,0,5.454,2608.5,7479.2,4870.7,1323,0.50719,7.90E+03,7.73E+03
549,NONE,STD,0.4,25000,429.516,0,5.454,1739,6158,4419,969.2,0.55732,7.80E+03,7.52E+03
550,NONE,STD,0.4,25000,429.516,0,5.454,869.5,4735.7,3866.3,638.9,0.73474,7.62E+03,7.23E+03
551,NONE,STD,0.5,25000,429.516,0,5.454,8244.4,17578.3,9333.9,4205.2,0.51006,8.14E+03,8.64E+03
552,NONE,STD,0.5,25000,429.516,0,5.454,7420,16453.1,9033.2,3805.1,0.51282,8.12E+03,8.55E+03
553,NONE,STD,0.5,25000,429.516,0,5.454,6595.5,15315.8,8720.3,3399.7,0.51546,8.10E+03,8.45E+03
554,NONE,STD,0.5,25000,429.516,0,5.454,5771.1,14167.7,8396.7,2975.5,0.51559,8.07E+03,8.34E+03
555,NONE,STD,0.5,25000,429.516,0,5.454,4946.6,12987.6,8041,2572.9,0.52013,8.04E+03,8.22E+03
556,NONE,STD,0.5,25000,429.516,0,5.454,4122.2,11782.1,7659.9,2176,0.52788,8.00E+03,8.10E+03
557,NONE,STD,0.5,25000,429.516,0,5.454,3297.8,10541.9,7244.1,1793.7,0.54392,7.94E+03,7.95E+03
558,NONE,STD,0.5,25000,429.516,0,5.454,2473.3,9259.8,6786.5,1417.1,0.57295,7.89E+03,7.80E+03
559,NONE,STD,0.5,25000,429.516,0,5.454,1648.9,7917,6268.1,1055.9,0.64038,7.80E+03,7.60E+03
560,NONE,STD,0.5,25000,429.516,0,5.454,824.4,6475.1,5650.7,717.9,0.87072,7.63E+03,7.33E+03
561,NONE,STD,0.6,25000,429.516,0,5.454,7856.6,19774.6,11918,4373.4,0.55665,8.12E+03,8.71E+03
562,NONE,STD,0.6,25000,429.516,0,5.454,7070.9,18647.4,11576.5,3964.1,0.56062,8.10E+03,8.61E+03
563,NONE,STD,0.6,25000,429.516,0,5.454,6285.3,17507.6,11222.3,3548.8,0.56462,8.08E+03,8.51E+03
564,NONE,STD,0.6,25000,429.516,0,5.454,5499.6,16351.3,10851.7,3129.9,0.56911,8.06E+03,8.40E+03
565,NONE,STD,0.6,25000,429.516,0,5.454,4713.9,15172.9,10459,2716.1,0.57619,8.03E+03,8.29E+03
566,NONE,STD,0.6,25000,429.516,0,5.454,3928.3,13972,10043.7,2297,0.58474,7.98E+03,8.16E+03
567,NONE,STD,0.6,25000,429.516,0,5.454,3142.6,12719.7,9577.1,1908.4,0.60727,7.93E+03,8.02E+03
568,NONE,STD,0.6,25000,429.516,0,5.454,2357,11421.7,9064.8,1528.3,0.64841,7.87E+03,7.87E+03
569,NONE,STD,0.6,25000,429.516,0,5.454,1571.3,10063.9,8492.6,1162.3,0.73967,7.79E+03,7.70E+03
570,NONE,STD,0.6,25000,429.516,0,5.454,785.7,8610.5,7824.8,815.2,1.0376,7.64E+03,7.45E+03
571,NONE,STD,0.7,25000,429.516,0,5.454,7567.3,22455.3,14888,4563.3,0.60303,8.09E+03,8.77E+03
572,NONE,STD,0.7,25000,429.516,0,5.454,6810.6,21309.3,14498.7,4141.7,0.60812,8.08E+03,8.68E+03
573,NONE,STD,0.7,25000,429.516,0,5.454,6053.8,20153.2,14099.3,3717.4,0.61406,8.05E+03,8.58E+03
574,NONE,STD,0.7,25000,429.516,0,5.454,5297.1,18985.7,13688.6,3293.1,0.62168,8.03E+03,8.48E+03
575,NONE,STD,0.7,25000,429.516,0,5.454,4540.4,17796.4,13256,2870.7,0.63225,8.00E+03,8.36E+03
576,NONE,STD,0.7,25000,429.516,0,5.454,3783.6,16579.1,12795.5,2452.5,0.64818,7.96E+03,8.24E+03
577,NONE,STD,0.7,25000,429.516,0,5.454,3026.9,15323.6,12296.7,2048.1,0.67663,7.92E+03,8.11E+03
578,NONE,STD,0.7,25000,429.516,0,5.454,2270.2,14022.9,11752.8,1654.1,0.72861,7.86E+03,7.96E+03
579,NONE,STD,0.7,25000,429.516,0,5.454,1513.5,12649.3,11135.8,1280.7,0.84622,7.78E+03,7.79E+03
580,NONE,STD,0.7,25000,429.516,0,5.454,756.7,11181.6,10424.9,922.3,1.21881,7.64E+03,7.56E+03
581,NONE,STD,0.8,25000,429.516,0,5.454,7343.8,25678.5,18334.7,4781.3,0.65106,8.06E+03,8.84E+03
582,NONE,STD,0.8,25000,429.516,0,5.454,6609.4,24498.3,17888.9,4341.9,0.65693,8.04E+03,8.76E+03
583,NONE,STD,0.8,25000,429.516,0,5.454,5875,23311,17435.9,3899.6,0.66376,8.03E+03,8.66E+03
584,NONE,STD,0.8,25000,429.516,0,5.454,5140.7,22108.6,16967.9,3467.3,0.67449,8.00E+03,8.56E+03
585,NONE,STD,0.8,25000,429.516,0,5.454,4406.3,20887.8,16481.5,3037.7,0.6894,7.97E+03,8.45E+03
586,NONE,STD,0.8,25000,429.516,0,5.454,3671.9,19642.8,15970.9,2616.8,0.71267,7.93E+03,8.33E+03
587,NONE,STD,0.8,25000,429.516,0,5.454,2937.5,18372.6,15435.1,2200.4,0.74906,7.89E+03,8.21E+03
588,NONE,STD,0.8,25000,429.516,0,5.454,2203.1,17052.3,14849.2,1798.9,0.81651,7.83E+03,8.06E+03
589,NONE,STD,0.8,25000,429.516,0,5.454,1468.8,15664.9,14196.1,1416.5,0.96439,7.75E+03,7.89E+03
590,NONE,STD,0.8,25000,429.516,0,5.454,734.4,14198.5,13464.1,1041.4,1.4181,7.63E+03,7.68E+03
591,NONE,STD,0.9,25000,429.516,0,5.454,7154.2,29491.7,22337.5,5029.5,0.70301,8.03E+03,8.93E+03
592,NONE,STD,0.9,25000,429.516,0,5.454,6438.8,28284.7,21845.9,4568.5,0.70952,8.01E+03,8.84E+03
593,NONE,STD,0.9,25000,429.516,0,5.454,5723.4,27062.3,21338.9,4113.1,0.71865,7.99E+03,8.75E+03
594,NONE,STD,0.9,25000,429.516,0,5.454,5008,25821.2,20813.3,3662.3,0.73129,7.96E+03,8.65E+03
595,NONE,STD,0.9,25000,429.516,0,5.454,4292.5,24552.3,20259.7,3213.6,0.74864,7.94E+03,8.55E+03
596,NONE,STD,0.9,25000,429.516,0,5.454,3577.1,23254.7,19677.5,2780.6,0.77734,7.90E+03,8.44E+03
597,NONE,STD,0.9,25000,429.516,0,5.454,2861.7,21933.5,19071.8,2354.8,0.82285,7.85E+03,8.31E+03
598,NONE,STD,0.9,25000,429.516,0,5.454,2146.3,20570.1,18423.8,1942.8,0.90521,7.80E+03,8.17E+03
599,NONE,STD,0.9,25000,429.516,0,5.454,1430.8,19142.8,17711.9,1552.9,1.0853,7.71E+03,8.00E+03
600,NONE,STD,0.9,25000,429.516,0,5.454,715.4,17656.7,16941.3,1165,1.62838,7.60E+03,7.80E+03
601,NONE,STD,0,30000,411.685,0,4.364,11269,11269,0,3374,0.29941,8.19E+03,8.46E+03
602,NONE,STD,0,30000,411.685,0,4.364,10142.1,10142.1,0,3021.6,0.29792,8.17E+03,8.37E+03
603,NONE,STD,0,30000,411.685,0,4.364,9015.2,9015.2,0,2685,0.29783,8.15E+03,8.27E+03
604,NONE,STD,0,30000,411.685,0,4.364,7888.3,7888.3,0,2355.1,0.29855,8.14E+03,8.17E+03
605,NONE,STD,0,30000,411.685,0,4.364,6761.4,6761.4,0,2006.5,0.29676,8.11E+03,8.04E+03
606,NONE,STD,0,30000,411.685,0,4.364,5634.5,5634.5,0,1635.5,0.29026,8.06E+03,7.88E+03
607,NONE,STD,0,30000,411.685,0,4.364,4507.6,4507.6,0,1271.3,0.28202,7.98E+03,7.69E+03
608,NONE,STD,0,30000,411.685,0,4.364,3380.7,3380.7,0,927.1,0.27424,7.90E+03,7.47E+03
609,NONE,STD,0,30000,411.685,0,4.364,2253.8,2253.8,0,612.3,0.27167,7.77E+03,7.21E+03
610,NONE,STD,0,30000,411.685,0,4.364,1126.9,1126.9,0,353.5,0.31372,7.53E+03,6.85E+03
611,NONE,STD,0.1,30000,411.685,0,4.364,10153.8,11492.6,1338.8,3396,0.33446,8.19E+03,8.46E+03
612,NONE,STD,0.1,30000,411.685,0,4.364,9138.4,10411.2,1272.8,3055.1,0.33432,8.17E+03,8.38E+03
613,NONE,STD,0.1,30000,411.685,0,4.364,8123,9326,1203,2727.5,0.33577,8.15E+03,8.28E+03
614,NONE,STD,0.1,30000,411.685,0,4.364,7107.6,8236.8,1129.2,2406.4,0.33857,8.14E+03,8.19E+03
615,NONE,STD,0.1,30000,411.685,0,4.364,6092.3,7143.8,1051.6,2064.8,0.33893,8.11E+03,8.06E+03
616,NONE,STD,0.1,30000,411.685,0,4.364,5076.9,6045.7,968.8,1704.8,0.33579,8.07E+03,7.91E+03
617,NONE,STD,0.1,30000,411.685,0,4.364,4061.5,4939.2,877.7,1348,0.33189,7.99E+03,7.73E+03
618,NONE,STD,0.1,30000,411.685,0,4.364,3046.1,3820,773.9,1003.8,0.32953,7.92E+03,7.52E+03
619,NONE,STD,0.1,30000,411.685,0,4.364,2030.8,2681.6,650.8,681.7,0.33569,7.80E+03,7.27E+03
620,NONE,STD,0.1,30000,411.685,0,4.364,1015.4,1505.1,489.7,402.8,0.39665,7.58E+03,6.93E+03
621,NONE,STD,0.2,30000,411.685,0,4.364,9172.8,11899.9,2727.1,3426.9,0.37359,8.18E+03,8.48E+03
622,NONE,STD,0.2,30000,411.685,0,4.364,8255.5,10858.6,2603.1,3093.2,0.37468,8.16E+03,8.39E+03
623,NONE,STD,0.2,30000,411.685,0,4.364,7338.2,9809.7,2471.4,2770.2,0.3775,8.15E+03,8.30E+03
624,NONE,STD,0.2,30000,411.685,0,4.364,6421,8753.2,2332.2,2451.5,0.3818,8.13E+03,8.20E+03
625,NONE,STD,0.2,30000,411.685,0,4.364,5503.7,7689.9,2186.2,2113.3,0.38399,8.11E+03,8.08E+03
626,NONE,STD,0.2,30000,411.685,0,4.364,4586.4,6617,2030.6,1759.1,0.38356,8.07E+03,7.94E+03
627,NONE,STD,0.2,30000,411.685,0,4.364,3669.1,5528.8,1859.7,1408,0.38375,8.00E+03,7.76E+03
628,NONE,STD,0.2,30000,411.685,0,4.364,2751.8,4417.7,1665.9,1067.7,0.38798,7.93E+03,7.56E+03
629,NONE,STD,0.2,30000,411.685,0,4.364,1834.6,3271.8,1437.3,744.7,0.40595,7.82E+03,7.33E+03
630,NONE,STD,0.2,30000,411.685,0,4.364,917.3,2061,1143.7,453.9,0.49487,7.62E+03,7.00E+03
631,NONE,STD,0.3,30000,411.685,0,4.364,8426.4,12651.1,4224.7,3487.5,0.41388,8.18E+03,8.50E+03
632,NONE,STD,0.3,30000,411.685,0,4.364,7583.8,11635.2,4051.5,3152.2,0.41565,8.16E+03,8.41E+03
633,NONE,STD,0.3,30000,411.685,0,4.364,6741.1,10606.5,3865.4,2826.1,0.41924,8.14E+03,8.32E+03
634,NONE,STD,0.3,30000,411.685,0,4.364,5898.5,9567.1,3668.6,2501.2,0.42404,8.12E+03,8.22E+03
635,NONE,STD,0.3,30000,411.685,0,4.364,5055.8,8517.9,3462,2162.3,0.42768,8.10E+03,8.10E+03
636,NONE,STD,0.3,30000,411.685,0,4.364,4213.2,7455.3,3242.1,1811.1,0.42986,8.06E+03,7.96E+03
637,NONE,STD,0.3,30000,411.685,0,4.364,3370.6,6372.3,3001.8,1461.6,0.43363,8.00E+03,7.79E+03
638,NONE,STD,0.3,30000,411.685,0,4.364,2527.9,5259.1,2731.2,1122.6,0.44407,7.93E+03,7.60E+03
639,NONE,STD,0.3,30000,411.685,0,4.364,1685.3,4099.9,2414.7,799.9,0.47467,7.83E+03,7.38E+03
640,NONE,STD,0.3,30000,411.685,0,4.364,842.6,2859.8,2017.2,501.8,0.59551,7.65E+03,7.07E+03
641,NONE,STD,0.4,30000,411.685,0,4.364,8011.1,13946.3,5935.2,3603,0.44975,8.16E+03,8.53E+03
642,NONE,STD,0.4,30000,411.685,0,4.364,7210,12924.6,5714.6,3255.7,0.45155,8.14E+03,8.44E+03
643,NONE,STD,0.4,30000,411.685,0,4.364,6408.9,11891.1,5482.3,2913.6,0.45462,8.13E+03,8.35E+03
644,NONE,STD,0.4,30000,411.685,0,4.364,5607.8,10842.9,5235.1,2570.3,0.45835,8.11E+03,8.24E+03
645,NONE,STD,0.4,30000,411.685,0,4.364,4806.7,9778.4,4971.8,2221.1,0.46208,8.08E+03,8.12E+03
646,NONE,STD,0.4,30000,411.685,0,4.364,4005.6,8697.5,4691.9,1862.4,0.46494,8.04E+03,7.99E+03
647,NONE,STD,0.4,30000,411.685,0,4.364,3204.4,7591.5,4387.1,1507.6,0.47046,7.99E+03,7.83E+03
648,NONE,STD,0.4,30000,411.685,0,4.364,2403.3,6448.4,4045,1166.9,0.48553,7.91E+03,7.64E+03
649,NONE,STD,0.4,30000,411.685,0,4.364,1602.2,5254.5,3652.3,838.8,0.52351,7.82E+03,7.42E+03
650,NONE,STD,0.4,30000,411.685,0,4.364,801.1,3969,3167.8,536.3,0.66948,7.64E+03,7.12E+03
651,NONE,STD,0.5,30000,411.685,0,4.364,7549.6,15355.3,7805.7,3714.3,0.49199,8.15E+03,8.57E+03
652,NONE,STD,0.5,30000,411.685,0,4.364,6794.6,14341,7546.4,3355.5,0.49384,8.13E+03,8.48E+03
653,NONE,STD,0.5,30000,411.685,0,4.364,6039.7,13312.4,7272.7,3004,0.49738,8.11E+03,8.38E+03
654,NONE,STD,0.5,30000,411.685,0,4.364,5284.7,12271,6986.3,2647.8,0.50103,8.09E+03,8.28E+03
655,NONE,STD,0.5,30000,411.685,0,4.364,4529.8,11213,6683.2,2290.7,0.50571,8.06E+03,8.16E+03
656,NONE,STD,0.5,30000,411.685,0,4.364,3774.8,10127.9,6353.1,1931.2,0.51161,8.02E+03,8.03E+03
657,NONE,STD,0.5,30000,411.685,0,4.364,3019.8,9014.3,5994.5,1577.1,0.52224,7.97E+03,7.88E+03
658,NONE,STD,0.5,30000,411.685,0,4.364,2264.9,7860.6,5595.7,1234.1,0.54489,7.90E+03,7.70E+03
659,NONE,STD,0.5,30000,411.685,0,4.364,1509.9,6652.7,5142.8,904.7,0.59916,7.82E+03,7.49E+03
660,NONE,STD,0.5,30000,411.685,0,4.364,755,5354.8,4599.8,597.3,0.79116,7.65E+03,7.21E+03
661,NONE,STD,0.6,30000,411.685,0,4.364,7112.7,16993.4,9880.7,3836.3,0.53935,8.14E+03,8.62E+03
662,NONE,STD,0.6,30000,411.685,0,4.364,6401.4,15989.4,9588,3465.6,0.54138,8.12E+03,8.52E+03
663,NONE,STD,0.6,30000,411.685,0,4.364,5690.2,14975.5,9285.3,3091.6,0.54332,8.09E+03,8.42E+03
664,NONE,STD,0.6,30000,411.685,0,4.364,4978.9,13942.6,8963.7,2730.7,0.54846,8.07E+03,8.32E+03
665,NONE,STD,0.6,30000,411.685,0,4.364,4267.6,12892.4,8624.7,2367.8,0.55483,8.04E+03,8.20E+03
666,NONE,STD,0.6,30000,411.685,0,4.364,3556.4,11819.3,8262.9,2006.7,0.56426,8.00E+03,8.08E+03
667,NONE,STD,0.6,30000,411.685,0,4.364,2845.1,10714.1,7869,1652.6,0.58084,7.95E+03,7.94E+03
668,NONE,STD,0.6,30000,411.685,0,4.364,2133.8,9558.8,7424.9,1311,0.61441,7.89E+03,7.78E+03
669,NONE,STD,0.6,30000,411.685,0,4.364,1422.5,8348,6925.4,980.5,0.68925,7.81E+03,7.58E+03
670,NONE,STD,0.6,30000,411.685,0,4.364,711.3,7049.7,6338.4,670.7,0.94299,7.65E+03,7.32E+03
671,NONE,STD,0.7,30000,411.685,0,4.364,6889.7,19221.7,12332,4010.3,0.58208,8.12E+03,8.68E+03
672,NONE,STD,0.7,30000,411.685,0,4.364,6200.7,18188.5,11987.7,3637.6,0.58665,8.10E+03,8.59E+03
673,NONE,STD,0.7,30000,411.685,0,4.364,5511.8,17145.3,11633.5,3266.1,0.59258,8.07E+03,8.50E+03
674,NONE,STD,0.7,30000,411.685,0,4.364,4822.8,16093.9,11271.1,2887.7,0.59875,8.05E+03,8.39E+03
675,NONE,STD,0.7,30000,411.685,0,4.364,4133.8,15034.8,10901,2501.2,0.60505,8.02E+03,8.27E+03
676,NONE,STD,0.7,30000,411.685,0,4.364,3444.9,13946.6,10501.8,2130.8,0.61854,7.98E+03,8.15E+03
677,NONE,STD,0.7,30000,411.685,0,4.364,2755.9,12826.7,10070.8,1767.5,0.64137,7.93E+03,8.01E+03
678,NONE,STD,0.7,30000,411.685,0,4.364,2066.9,11663.7,9596.8,1415.7,0.68493,7.88E+03,7.86E+03
679,NONE,STD,0.7,30000,411.685,0,4.364,1377.9,10441.2,9063.3,1077,0.78163,7.80E+03,7.68E+03
680,NONE,STD,0.7,30000,411.685,0,4.364,689,9119.7,8430.8,755.7,1.09691,7.65E+03,7.43E+03
681,NONE,STD,0.8,30000,411.685,0,4.364,6696.7,21860.6,15163.9,4197.8,0.62684,8.09E+03,8.76E+03
682,NONE,STD,0.8,30000,411.685,0,4.364,6027,20795.4,14768.4,3808.8,0.63195,8.07E+03,8.67E+03
683,NONE,STD,0.8,30000,411.685,0,4.364,5357.4,19718.1,14360.8,3420.4,0.63845,8.05E+03,8.57E+03
684,NONE,STD,0.8,30000,411.685,0,4.364,4687.7,18631.7,13944,3033.1,0.64703,8.02E+03,8.46E+03
685,NONE,STD,0.8,30000,411.685,0,4.364,4018,17533.3,13515.3,2649.4,0.65937,7.99E+03,8.35E+03
686,NONE,STD,0.8,30000,411.685,0,4.364,3348.3,16414.6,13066.3,2268.7,0.67756,7.96E+03,8.23E+03
687,NONE,STD,0.8,30000,411.685,0,4.364,2678.7,15276.2,12597.5,1891.6,0.70617,7.91E+03,8.10E+03
688,NONE,STD,0.8,30000,411.685,0,4.364,2009,14097.4,12088.4,1530.2,0.76169,7.86E+03,7.95E+03
689,NONE,STD,0.8,30000,411.685,0,4.364,1339.3,12859.3,11520,1183.5,0.88367,7.78E+03,7.78E+03
690,NONE,STD,0.8,30000,411.685,0,4.364,669.7,11538.3,10868.6,850.6,1.27023,7.64E+03,7.55E+03
691,NONE,STD,0.9,30000,411.685,0,4.364,6520,24947,18427,4403.7,0.67542,8.06E+03,8.83E+03
692,NONE,STD,0.9,30000,411.685,0,4.364,5868,23853.9,17985.9,3998.1,0.68134,8.04E+03,8.75E+03
693,NONE,STD,0.9,30000,411.685,0,4.364,5216,22754,17538.1,3588.7,0.68801,8.02E+03,8.65E+03
694,NONE,STD,0.9,30000,411.685,0,4.364,4564,21636.8,17072.8,3187.2,0.69833,7.99E+03,8.55E+03
695,NONE,STD,0.9,30000,411.685,0,4.364,3912,20499.1,16587.1,2789,0.71294,7.96E+03,8.44E+03
696,NONE,STD,0.9,30000,411.685,0,4.364,3260,19331.3,16071.3,2399.6,0.73608,7.93E+03,8.32E+03
697,NONE,STD,0.9,30000,411.685,0,4.364,2608,18141.1,15533.1,2016.3,0.77311,7.88E+03,8.19E+03
698,NONE,STD,0.9,30000,411.685,0,4.364,1956,16917.6,14961.6,1648.1,0.8426,7.83E+03,8.05E+03
699,NONE,STD,0.9,30000,411.685,0,4.364,1304,15636,14332,1298,0.99538,7.75E+03,7.88E+03
700,NONE,STD,0.9,30000,411.685,0,4.364,652,14299.3,13647.3,950.5,1.45784,7.63E+03,7.66E+03
701,NONE,STD,0,35000,393.854,0,3.458,9849.6,9849.6,0,2949.6,0.29946,8.19E+03,8.39E+03
702,NONE,STD,0,35000,393.854,0,3.458,8864.6,8864.6,0,2635.6,0.29732,8.20E+03,8.29E+03
703,NONE,STD,0,35000,393.854,0,3.458,7879.7,7879.7,0,2337.5,0.29665,8.18E+03,8.20E+03
704,NONE,STD,0,35000,393.854,0,3.458,6894.7,6894.7,0,2051.2,0.2975,8.16E+03,8.09E+03
705,NONE,STD,0,35000,393.854,0,3.458,5909.8,5909.8,0,1763,0.29832,8.14E+03,7.97E+03
706,NONE,STD,0,35000,393.854,0,3.458,4924.8,4924.8,0,1454.7,0.29539,8.10E+03,7.81E+03
707,NONE,STD,0,35000,393.854,0,3.458,3939.8,3939.8,0,1135.4,0.28819,8.02E+03,7.61E+03
708,NONE,STD,0,35000,393.854,0,3.458,2954.9,2954.9,0,826.9,0.27984,7.94E+03,7.39E+03
709,NONE,STD,0,35000,393.854,0,3.458,1969.9,1969.9,0,543.7,0.276,7.83E+03,7.13E+03
710,NONE,STD,0,35000,393.854,0,3.458,985,985,0,308,0.3127,7.59E+03,6.77E+03
711,NONE,STD,0.1,35000,393.854,0,3.458,8916.1,10028.4,1112.3,2969.9,0.33309,8.18E+03,8.40E+03
712,NONE,STD,0.1,35000,393.854,0,3.458,8024.5,9082.5,1058,2664.9,0.33209,8.19E+03,8.30E+03
713,NONE,STD,0.1,35000,393.854,0,3.458,7132.9,8132.6,999.7,2373.9,0.33281,8.18E+03,8.21E+03
714,NONE,STD,0.1,35000,393.854,0,3.458,6241.3,7179.1,937.8,2093.8,0.33548,8.16E+03,8.11E+03
715,NONE,STD,0.1,35000,393.854,0,3.458,5349.7,6221.7,872,1813,0.33889,8.14E+03,7.99E+03
716,NONE,STD,0.1,35000,393.854,0,3.458,4458.1,5260.1,802,1514.9,0.33981,8.10E+03,7.84E+03
717,NONE,STD,0.1,35000,393.854,0,3.458,3566.5,4292.7,726.2,1200.9,0.33672,8.04E+03,7.65E+03
718,NONE,STD,0.1,35000,393.854,0,3.458,2674.8,3314.9,640.1,893,0.33384,7.96E+03,7.44E+03
719,NONE,STD,0.1,35000,393.854,0,3.458,1783.2,2321,537.8,604.4,0.33896,7.86E+03,7.20E+03
720,NONE,STD,0.1,35000,393.854,0,3.458,891.6,1295.6,404,350.1,0.39268,7.64E+03,6.85E+03
721,NONE,STD,0.2,35000,393.854,0,3.458,8103.7,10367.3,2263.6,3001.2,0.37034,8.17E+03,8.41E+03
722,NONE,STD,0.2,35000,393.854,0,3.458,7293.4,9454.4,2161.1,2701.5,0.37041,8.18E+03,8.32E+03
723,NONE,STD,0.2,35000,393.854,0,3.458,6483,8534.5,2051.6,2413.3,0.37224,8.17E+03,8.23E+03
724,NONE,STD,0.2,35000,393.854,0,3.458,5672.6,7606.8,1934.2,2135.7,0.37649,8.15E+03,8.13E+03
725,NONE,STD,0.2,35000,393.854,0,3.458,4862.2,6671.8,1809.6,1858.5,0.38224,8.13E+03,8.02E+03
726,NONE,STD,0.2,35000,393.854,0,3.458,4051.9,5729.1,1677.2,1564.9,0.38621,8.10E+03,7.87E+03
727,NONE,STD,0.2,35000,393.854,0,3.458,3241.5,4775.6,1534.1,1256.1,0.38751,8.04E+03,7.69E+03
728,NONE,STD,0.2,35000,393.854,0,3.458,2431.1,3804,1372.9,951.1,0.39122,7.96E+03,7.49E+03
729,NONE,STD,0.2,35000,393.854,0,3.458,1620.7,2802.6,1181.9,660.3,0.40744,7.87E+03,7.26E+03
730,NONE,STD,0.2,35000,393.854,0,3.458,810.4,1746.7,936.3,394.4,0.48663,7.68E+03,6.93E+03
731,NONE,STD,0.3,35000,393.854,0,3.458,7480.4,10980.5,3500.1,3058.8,0.4089,8.16E+03,8.43E+03
732,NONE,STD,0.3,35000,393.854,0,3.458,6732.4,10086.8,3354.5,2758.4,0.40972,8.17E+03,8.34E+03
733,NONE,STD,0.3,35000,393.854,0,3.458,5984.3,9185.3,3201,2466.2,0.41212,8.15E+03,8.25E+03
734,NONE,STD,0.3,35000,393.854,0,3.458,5236.3,8270.9,3034.6,2185.6,0.41739,8.13E+03,8.15E+03
735,NONE,STD,0.3,35000,393.854,0,3.458,4488.3,7345.5,2857.2,1907,0.42488,8.12E+03,8.04E+03
736,NONE,STD,0.3,35000,393.854,0,3.458,3740.2,6409.9,2669.7,1610.6,0.43063,8.09E+03,7.90E+03
737,NONE,STD,0.3,35000,393.854,0,3.458,2992.2,5459.5,2467.3,1302.8,0.43539,8.03E+03,7.73E+03
738,NONE,STD,0.3,35000,393.854,0,3.458,2244.1,4484.5,2240.4,999.8,0.44553,7.96E+03,7.53E+03
739,NONE,STD,0.3,35000,393.854,0,3.458,1496.1,3471.2,1975.2,708,0.47324,7.87E+03,7.31E+03
740,NONE,STD,0.3,35000,393.854,0,3.458,748,2388.4,1640.3,435.9,0.58277,7.70E+03,7.00E+03
741,NONE,STD,0.4,35000,393.854,0,3.458,7075.2,11962,4886.8,3147.2,0.44483,8.15E+03,8.46E+03
742,NONE,STD,0.4,35000,393.854,0,3.458,6367.7,11069.6,4701.9,2837.9,0.44568,8.16E+03,8.37E+03
743,NONE,STD,0.4,35000,393.854,0,3.458,5660.2,10167.3,4507.1,2536.6,0.44815,8.14E+03,8.28E+03
744,NONE,STD,0.4,35000,393.854,0,3.458,4952.6,9252.9,4300.3,2241.7,0.45263,8.12E+03,8.17E+03
745,NONE,STD,0.4,35000,393.854,0,3.458,4245.1,8322.6,4077.5,1948.5,0.459,8.10E+03,8.06E+03
746,NONE,STD,0.4,35000,393.854,0,3.458,3537.6,7377.7,3840.1,1642.1,0.46419,8.07E+03,7.92E+03
747,NONE,STD,0.4,35000,393.854,0,3.458,2830.1,6413.4,3583.3,1331.8,0.47059,8.01E+03,7.75E+03
748,NONE,STD,0.4,35000,393.854,0,3.458,2122.6,5419.3,3296.7,1028.3,0.48446,7.94E+03,7.56E+03
749,NONE,STD,0.4,35000,393.854,0,3.458,1415,4381.7,2966.7,732.9,0.51793,7.86E+03,7.34E+03
750,NONE,STD,0.4,35000,393.854,0,3.458,707.5,3266.1,2558.6,456.9,0.64579,7.69E+03,7.03E+03
751,NONE,STD,0.5,35000,393.854,0,3.458,6652.5,13049.7,6397.2,3232,0.48583,8.15E+03,8.49E+03
752,NONE,STD,0.5,35000,393.854,0,3.458,5987.2,12166.5,6179.3,2917.5,0.48729,8.14E+03,8.41E+03
753,NONE,STD,0.5,35000,393.854,0,3.458,5322,11271.4,5949.4,2611.2,0.49065,8.12E+03,8.31E+03
754,NONE,STD,0.5,35000,393.854,0,3.458,4656.7,10362.8,5706.1,2309.2,0.49588,8.10E+03,8.21E+03
755,NONE,STD,0.5,35000,393.854,0,3.458,3991.5,9441.1,5449.6,2003.6,0.50197,8.08E+03,8.09E+03
756,NONE,STD,0.5,35000,393.854,0,3.458,3326.2,8501.5,5175.2,1692.1,0.50871,8.05E+03,7.96E+03
757,NONE,STD,0.5,35000,393.854,0,3.458,2661,7534.3,4873.3,1380.8,0.51891,8.00E+03,7.80E+03
758,NONE,STD,0.5,35000,393.854,0,3.458,1995.7,6533.9,4538.2,1077.9,0.54008,7.93E+03,7.61E+03
759,NONE,STD,0.5,35000,393.854,0,3.458,1330.5,5487.4,4156.9,779.7,0.58606,7.84E+03,7.39E+03
760,NONE,STD,0.5,35000,393.854,0,3.458,665.2,4362.7,3697.4,504.4,0.75827,7.69E+03,7.12E+03
761,NONE,STD,0.6,35000,393.854,0,3.458,6331.9,14440.5,8108.6,3337.6,0.52711,8.14E+03,8.54E+03
762,NONE,STD,0.6,35000,393.854,0,3.458,5698.7,13550.8,7852,3022.7,0.53041,8.12E+03,8.45E+03
763,NONE,STD,0.6,35000,393.854,0,3.458,5065.5,12653.2,7587.7,2713.1,0.53559,8.10E+03,8.36E+03
764,NONE,STD,0.6,35000,393.854,0,3.458,4432.3,11745.6,7313.3,2400.2,0.54152,8.08E+03,8.26E+03
765,NONE,STD,0.6,35000,393.854,0,3.458,3799.1,10822.9,7023.8,2086.5,0.54919,8.06E+03,8.14E+03
766,NONE,STD,0.6,35000,393.854,0,3.458,3165.9,9882.6,6716.6,1769,0.55877,8.03E+03,8.01E+03
767,NONE,STD,0.6,35000,393.854,0,3.458,2532.8,8918.5,6385.7,1451.7,0.57316,7.98E+03,7.86E+03
768,NONE,STD,0.6,35000,393.854,0,3.458,1899.6,7912.3,6012.8,1142.5,0.60143,7.92E+03,7.68E+03
769,NONE,STD,0.6,35000,393.854,0,3.458,1266.4,6853.3,5587,843.9,0.66639,7.83E+03,7.48E+03
770,NONE,STD,0.6,35000,393.854,0,3.458,633.2,5717.8,5084.7,565.7,0.89339,7.69E+03,7.22E+03
771,NONE,STD,0.7,35000,393.854,0,3.458,6093.9,16167.2,10073.3,3468.6,0.5692,8.13E+03,8.59E+03
772,NONE,STD,0.7,35000,393.854,0,3.458,5484.5,15263.9,9779.4,3136.2,0.57184,8.11E+03,8.50E+03
773,NONE,STD,0.7,35000,393.854,0,3.458,4875.1,14349.4,9474.3,2818.3,0.57811,8.08E+03,8.41E+03
774,NONE,STD,0.7,35000,393.854,0,3.458,4265.7,13424.1,9158.3,2504.9,0.58721,8.06E+03,8.31E+03
775,NONE,STD,0.7,35000,393.854,0,3.458,3656.3,12490.8,8834.4,2185.2,0.59766,8.04E+03,8.20E+03
776,NONE,STD,0.7,35000,393.854,0,3.458,3046.9,11544.3,8497.3,1859.6,0.61033,8.00E+03,8.07E+03
777,NONE,STD,0.7,35000,393.854,0,3.458,2437.5,10570.9,8133.4,1538.4,0.63113,7.96E+03,7.93E+03
778,NONE,STD,0.7,35000,393.854,0,3.458,1828.2,9563.9,7735.8,1219,0.66678,7.90E+03,7.77E+03
779,NONE,STD,0.7,35000,393.854,0,3.458,1218.8,8503,7284.3,916.3,0.75186,7.82E+03,7.57E+03
780,NONE,STD,0.7,35000,393.854,0,3.458,609.4,7352.6,6743.2,632.9,1.03863,7.68E+03,7.32E+03
781,NONE,STD,0.8,35000,393.854,0,3.458,5902.8,18239,12336.3,3625.5,0.6142,8.11E+03,8.66E+03
782,NONE,STD,0.8,35000,393.854,0,3.458,5312.5,17314.5,12002,3287.6,0.61883,8.09E+03,8.57E+03
783,NONE,STD,0.8,35000,393.854,0,3.458,4722.2,16377,11654.8,2950.1,0.62474,8.07E+03,8.48E+03
784,NONE,STD,0.8,35000,393.854,0,3.458,4131.9,15432.1,11300.2,2608.9,0.63139,8.04E+03,8.37E+03
785,NONE,STD,0.8,35000,393.854,0,3.458,3541.7,14471.8,10930.1,2280.1,0.64378,8.01E+03,8.26E+03
786,NONE,STD,0.8,35000,393.854,0,3.458,2951.4,13499.5,10548.1,1955.5,0.66258,7.98E+03,8.14E+03
787,NONE,STD,0.8,35000,393.854,0,3.458,2361.1,12505.5,10144.4,1632.2,0.69129,7.93E+03,8.01E+03
788,NONE,STD,0.8,35000,393.854,0,3.458,1770.8,11487.4,9716.5,1308.4,0.73887,7.88E+03,7.86E+03
789,NONE,STD,0.8,35000,393.854,0,3.458,1180.6,10417.4,9236.9,997.8,0.84521,7.81E+03,7.68E+03
790,NONE,STD,0.8,35000,393.854,0,3.458,590.3,9266.2,8676,707.6,1.19883,7.67E+03,7.43E+03
791,NONE,STD,0.9,35000,393.854,0,3.458,5777.8,20764.4,14986.6,3811.3,0.65965,8.09E+03,8.74E+03
792,NONE,STD,0.9,35000,393.854,0,3.458,5200,19806.7,14606.7,3459,0.66519,8.07E+03,8.65E+03
793,NONE,STD,0.9,35000,393.854,0,3.458,4622.2,18834.9,14212.6,3112.4,0.67335,8.04E+03,8.56E+03
794,NONE,STD,0.9,35000,393.854,0,3.458,4044.4,17856.8,13812.3,2761.5,0.68279,8.02E+03,8.45E+03
795,NONE,STD,0.9,35000,393.854,0,3.458,3466.7,16863.7,13397,2415.4,0.69675,7.99E+03,8.34E+03
796,NONE,STD,0.9,35000,393.854,0,3.458,2888.9,15852.6,12963.7,2066,0.71515,7.95E+03,8.22E+03
797,NONE,STD,0.9,35000,393.854,0,3.458,2311.1,14811.9,12500.8,1732,0.74943,7.91E+03,8.09E+03
798,NONE,STD,0.9,35000,393.854,0,3.458,1733.3,13746,12012.7,1408.2,0.81244,7.86E+03,7.95E+03
799,NONE,STD,0.9,35000,393.854,0,3.458,1155.6,12637.1,11481.6,1097.4,0.94967,7.78E+03,7.78E+03
800,NONE,STD,0.9,35000,393.854,0,3.458,577.8,11466.7,10888.9,790,1.36724,7.65E+03,7.55E+03
801,NONE,STD,0,40000,389.97,0,2.72,7805,7805,0,2350.8,0.30119,8.19E+03,8.37E+03
802,NONE,STD,0,40000,389.97,0,2.72,7024.5,7024.5,0,2102.6,0.29932,8.20E+03,8.27E+03
803,NONE,STD,0,40000,389.97,0,2.72,6244,6244,0,1865.2,0.29872,8.19E+03,8.17E+03
804,NONE,STD,0,40000,389.97,0,2.72,5463.5,5463.5,0,1638,0.2998,8.17E+03,8.07E+03
805,NONE,STD,0,40000,389.97,0,2.72,4683,4683,0,1411.3,0.30136,8.15E+03,7.94E+03
806,NONE,STD,0,40000,389.97,0,2.72,3902.5,3902.5,0,1167.1,0.29906,8.10E+03,7.79E+03
807,NONE,STD,0,40000,389.97,0,2.72,3122,3122,0,912.8,0.29237,8.04E+03,7.59E+03
808,NONE,STD,0,40000,389.97,0,2.72,2341.5,2341.5,0,665.9,0.28439,7.96E+03,7.37E+03
809,NONE,STD,0,40000,389.97,0,2.72,1561,1561,0,433.2,0.27752,7.84E+03,7.11E+03
810,NONE,STD,0,40000,389.97,0,2.72,780.5,780.5,0,240.2,0.30775,7.60E+03,6.73E+03
811,NONE,STD,0.1,40000,389.97,0,2.72,7068.3,7945.2,876.9,2366.9,0.33486,8.19E+03,8.37E+03
812,NONE,STD,0.1,40000,389.97,0,2.72,6361.4,7195.5,834.1,2126,0.3342,8.20E+03,8.28E+03
813,NONE,STD,0.1,40000,389.97,0,2.72,5654.6,6442.8,788.2,1894.3,0.335,8.18E+03,8.18E+03
814,NONE,STD,0.1,40000,389.97,0,2.72,4947.8,5687,739.3,1672.2,0.33796,8.17E+03,8.08E+03
815,NONE,STD,0.1,40000,389.97,0,2.72,4241,4928.2,687.3,1451,0.34214,8.15E+03,7.96E+03
816,NONE,STD,0.1,40000,389.97,0,2.72,3534.1,4166.2,632.1,1214.5,0.34366,8.11E+03,7.82E+03
817,NONE,STD,0.1,40000,389.97,0,2.72,2827.3,3399.6,572.3,964.5,0.34114,8.05E+03,7.63E+03
818,NONE,STD,0.1,40000,389.97,0,2.72,2120.5,2624.9,504.5,718.4,0.3388,7.97E+03,7.42E+03
819,NONE,STD,0.1,40000,389.97,0,2.72,1413.7,1837.7,424.1,480.6,0.33996,7.87E+03,7.17E+03
820,NONE,STD,0.1,40000,389.97,0,2.72,706.8,1025.3,318.5,272.5,0.38557,7.65E+03,6.81E+03
821,NONE,STD,0.2,40000,389.97,0,2.72,6426.4,8210.7,1784.3,2391.7,0.37217,8.18E+03,8.39E+03
822,NONE,STD,0.2,40000,389.97,0,2.72,5783.7,7487,1703.3,2155.2,0.37264,8.19E+03,8.29E+03
823,NONE,STD,0.2,40000,389.97,0,2.72,5141.1,6758.1,1617,1925.8,0.37459,8.17E+03,8.20E+03
824,NONE,STD,0.2,40000,389.97,0,2.72,4498.4,6022.8,1524.4,1705.8,0.3792,8.16E+03,8.10E+03
825,NONE,STD,0.2,40000,389.97,0,2.72,3855.8,5281.7,1425.9,1486.1,0.38542,8.14E+03,7.99E+03
826,NONE,STD,0.2,40000,389.97,0,2.72,3213.2,4534.6,1321.4,1253.7,0.39018,8.11E+03,7.84E+03
827,NONE,STD,0.2,40000,389.97,0,2.72,2570.5,3779.2,1208.6,1008.1,0.39217,8.05E+03,7.67E+03
828,NONE,STD,0.2,40000,389.97,0,2.72,1927.9,3009.5,1081.6,764.4,0.39649,7.97E+03,7.46E+03
829,NONE,STD,0.2,40000,389.97,0,2.72,1285.3,2216.8,931.5,523.7,0.40748,7.88E+03,7.22E+03
830,NONE,STD,0.2,40000,389.97,0,2.72,642.6,1380.5,737.8,307.6,0.4786,7.69E+03,6.89E+03
831,NONE,STD,0.3,40000,389.97,0,2.72,5940.2,8699.8,2759.6,2439.5,0.41068,8.16E+03,8.41E+03
832,NONE,STD,0.3,40000,389.97,0,2.72,5346.1,7990.7,2644.5,2201.6,0.41181,8.17E+03,8.32E+03
833,NONE,STD,0.3,40000,389.97,0,2.72,4752.1,7275.5,2523.4,1969.1,0.41437,8.16E+03,8.23E+03
834,NONE,STD,0.3,40000,389.97,0,2.72,4158.1,6550.2,2392.1,1746.3,0.41997,8.14E+03,8.13E+03
835,NONE,STD,0.3,40000,389.97,0,2.72,3564.1,5816,2251.9,1525.6,0.42803,8.12E+03,8.02E+03
836,NONE,STD,0.3,40000,389.97,0,2.72,2970.1,5073.7,2103.6,1291.2,0.43473,8.09E+03,7.88E+03
837,NONE,STD,0.3,40000,389.97,0,2.72,2376.1,4319.9,1943.8,1046.4,0.4404,8.04E+03,7.71E+03
838,NONE,STD,0.3,40000,389.97,0,2.72,1782,3547.2,1765.2,801.6,0.44981,7.96E+03,7.50E+03
839,NONE,STD,0.3,40000,389.97,0,2.72,1188,2744.8,1556.8,559.4,0.47084,7.88E+03,7.27E+03
840,NONE,STD,0.3,40000,389.97,0,2.72,594,1886.2,1292.2,340.2,0.57276,7.71E+03,6.96E+03
841,NONE,STD,0.4,40000,389.97,0,2.72,5651.2,9512,3860.7,2521.1,0.44612,8.14E+03,8.44E+03
842,NONE,STD,0.4,40000,389.97,0,2.72,5086.1,8800.1,3713.9,2274.6,0.44722,8.15E+03,8.35E+03
843,NONE,STD,0.4,40000,389.97,0,2.72,4521,8080.7,3559.8,2033.1,0.44971,8.14E+03,8.26E+03
844,NONE,STD,0.4,40000,389.97,0,2.72,3955.9,7351.6,3395.7,1798.5,0.45465,8.12E+03,8.16E+03
845,NONE,STD,0.4,40000,389.97,0,2.72,3390.7,6609.7,3218.9,1566.7,0.46205,8.10E+03,8.04E+03
846,NONE,STD,0.4,40000,389.97,0,2.72,2825.6,5855.9,3030.2,1324.2,0.46863,8.07E+03,7.90E+03
847,NONE,STD,0.4,40000,389.97,0,2.72,2260.5,5088.5,2828,1069.4,0.47309,8.02E+03,7.73E+03
848,NONE,STD,0.4,40000,389.97,0,2.72,1695.4,4297.7,2602.3,818.3,0.48265,7.94E+03,7.53E+03
849,NONE,STD,0.4,40000,389.97,0,2.72,1130.2,3471.2,2341,579.2,0.51249,7.86E+03,7.30E+03
850,NONE,STD,0.4,40000,389.97,0,2.72,565.1,2581.8,2016.7,360.1,0.63718,7.69E+03,7.00E+03
851,NONE,STD,0.5,40000,389.97,0,2.72,5316.4,10368.5,5052.1,2589,0.48699,8.14E+03,8.48E+03
852,NONE,STD,0.5,40000,389.97,0,2.72,4784.8,9663.4,4878.6,2339.6,0.48897,8.14E+03,8.39E+03
853,NONE,STD,0.5,40000,389.97,0,2.72,4253.1,8949.8,4696.7,2093.8,0.4923,8.12E+03,8.29E+03
854,NONE,STD,0.5,40000,389.97,0,2.72,3721.5,8225.1,4503.6,1853.2,0.49798,8.10E+03,8.19E+03
855,NONE,STD,0.5,40000,389.97,0,2.72,3189.8,7489.6,4299.7,1610.7,0.50494,8.08E+03,8.08E+03
856,NONE,STD,0.5,40000,389.97,0,2.72,2658.2,6742.3,4084.1,1355.4,0.50991,8.05E+03,7.93E+03
857,NONE,STD,0.5,40000,389.97,0,2.72,2126.6,5972.4,3845.8,1101.2,0.51781,8.00E+03,7.77E+03
858,NONE,STD,0.5,40000,389.97,0,2.72,1594.9,5176,3581.1,853.2,0.53493,7.93E+03,7.58E+03
859,NONE,STD,0.5,40000,389.97,0,2.72,1063.3,4341.2,3277.9,616.8,0.58006,7.85E+03,7.36E+03
860,NONE,STD,0.5,40000,389.97,0,2.72,531.6,3444.4,2912.8,397.8,0.74819,7.70E+03,7.09E+03
861,NONE,STD,0.6,40000,389.97,0,2.72,5044.2,11437.6,6393.4,2666.7,0.52867,8.14E+03,8.51E+03
862,NONE,STD,0.6,40000,389.97,0,2.72,4539.8,10730.2,6190.4,2415.8,0.53215,8.12E+03,8.43E+03
863,NONE,STD,0.6,40000,389.97,0,2.72,4035.4,10016.1,5980.8,2169.7,0.53766,8.10E+03,8.34E+03
864,NONE,STD,0.6,40000,389.97,0,2.72,3530.9,9294.7,5763.8,1919.9,0.54375,8.08E+03,8.24E+03
865,NONE,STD,0.6,40000,389.97,0,2.72,3026.5,8562.4,5535.9,1666.3,0.55057,8.06E+03,8.12E+03
866,NONE,STD,0.6,40000,389.97,0,2.72,2522.1,7816.5,5294.4,1408.5,0.55846,8.03E+03,7.98E+03
867,NONE,STD,0.6,40000,389.97,0,2.72,2017.7,7051.9,5034.2,1149.6,0.56976,7.98E+03,7.83E+03
868,NONE,STD,0.6,40000,389.97,0,2.72,1513.3,6251.8,4738.6,902.1,0.59615,7.91E+03,7.65E+03
869,NONE,STD,0.6,40000,389.97,0,2.72,1008.8,5409.4,4400.6,665.9,0.66003,7.83E+03,7.44E+03
870,NONE,STD,0.6,40000,389.97,0,2.72,504.4,4506.5,4002,445.1,0.8824,7.69E+03,7.18E+03
871,NONE,STD,0.7,40000,389.97,0,2.72,4871.5,12822.8,7951.3,2773.1,0.56925,8.13E+03,8.56E+03
872,NONE,STD,0.7,40000,389.97,0,2.72,4384.4,12098.5,7714.2,2514.8,0.57358,8.11E+03,8.48E+03
873,NONE,STD,0.7,40000,389.97,0,2.72,3897.2,11368.5,7471.3,2261.6,0.5803,8.08E+03,8.39E+03
874,NONE,STD,0.7,40000,389.97,0,2.72,3410.1,10631.1,7221,2010.3,0.58952,8.06E+03,8.30E+03
875,NONE,STD,0.7,40000,389.97,0,2.72,2922.9,9888.7,6965.8,1749.5,0.59854,8.04E+03,8.18E+03
876,NONE,STD,0.7,40000,389.97,0,2.72,2435.8,9137.2,6701.5,1481.2,0.60811,8.00E+03,8.05E+03
877,NONE,STD,0.7,40000,389.97,0,2.72,1948.6,8362.8,6414.2,1219.8,0.62598,7.96E+03,7.90E+03
878,NONE,STD,0.7,40000,389.97,0,2.72,1461.5,7559.4,6098,965.2,0.66041,7.90E+03,7.74E+03
879,NONE,STD,0.7,40000,389.97,0,2.72,974.3,6712.9,5738.6,724.6,0.7437,7.82E+03,7.54E+03
880,NONE,STD,0.7,40000,389.97,0,2.72,487.2,5794.7,5307.5,498.6,1.02358,7.69E+03,7.29E+03
881,NONE,STD,0.8,40000,389.97,0,2.72,4697.2,14413.9,9716.7,2891.4,0.61556,8.11E+03,8.63E+03
882,NONE,STD,0.8,40000,389.97,0,2.72,4227.5,13682.7,9455.3,2618.2,0.61933,8.09E+03,8.54E+03
883,NONE,STD,0.8,40000,389.97,0,2.72,3757.7,12940.8,9183.1,2347,0.62457,8.06E+03,8.45E+03
884,NONE,STD,0.8,40000,389.97,0,2.72,3288,12184,8895.9,2086.9,0.6347,8.04E+03,8.35E+03
885,NONE,STD,0.8,40000,389.97,0,2.72,2818.3,11421.7,8603.4,1824.9,0.64752,8.01E+03,8.24E+03
886,NONE,STD,0.8,40000,389.97,0,2.72,2348.6,10649.8,8301.2,1566.6,0.66703,7.98E+03,8.12E+03
887,NONE,STD,0.8,40000,389.97,0,2.72,1878.9,9866.4,7987.5,1297,0.6903,7.94E+03,7.98E+03
888,NONE,STD,0.8,40000,389.97,0,2.72,1409.2,9060.8,7651.6,1032.2,0.73251,7.88E+03,7.82E+03
889,NONE,STD,0.8,40000,389.97,0,2.72,939.4,8210.1,7270.6,786.3,0.83702,7.81E+03,7.64E+03
890,NONE,STD,0.8,40000,389.97,0,2.72,469.7,7295.2,6825.5,556.3,1.18429,7.67E+03,7.40E+03
891,NONE,STD,0.9,40000,389.97,0,2.72,4605.6,16412,11806.4,3042.5,0.66061,8.09E+03,8.71E+03
892,NONE,STD,0.9,40000,389.97,0,2.72,4145,15649.7,11504.7,2763.1,0.66662,8.07E+03,8.62E+03
893,NONE,STD,0.9,40000,389.97,0,2.72,3684.4,14876.2,11191.8,2488,0.67528,8.05E+03,8.53E+03
894,NONE,STD,0.9,40000,389.97,0,2.72,3223.9,14097.6,10873.7,2210,0.68549,8.02E+03,8.43E+03
895,NONE,STD,0.9,40000,389.97,0,2.72,2763.3,13311.9,10548.6,1929.6,0.6983,7.99E+03,8.31E+03
896,NONE,STD,0.9,40000,389.97,0,2.72,2302.8,12507.2,10204.4,1654.8,0.7186,7.96E+03,8.19E+03
897,NONE,STD,0.9,40000,389.97,0,2.72,1842.2,11679.5,9837.2,1389.8,0.75442,7.91E+03,8.07E+03
898,NONE,STD,0.9,40000,389.97,0,2.72,1381.7,10833.4,9451.7,1130.5,0.81819,7.86E+03,7.93E+03
899,NONE,STD,0.9,40000,389.97,0,2.72,921.1,9956.1,9034.9,875.4,0.95032,7.79E+03,7.76E+03
900,NONE,STD,0.9,40000,389.97,0,2.72,460.6,9027.5,8567,620.8,1.34793,7.65E+03,7.52E+03
